T_feed_K,P_feed_Pa,xF_benzene,N_stages,feed_stage,reflux_ratio,bottoms_flow_mols,xD_benzene,xB_toluene,QC_kW,QR_kW
367.0,101325.0,0.3243,14,7,2.171,59.0,0.766915,0.983277,4.1134,4.2232
357.9,101325.0,0.3385,17,8,3.822,48.3,0.654411,0.999648,8.015,8.2546
367.3,101325.0,0.5998,20,6,2.641,64.0,0.98875,0.618983,3.9825,1.455
343.8,101325.0,0.554,11,6,3.762,58.1,0.995856,0.764658,6.0531,6.3881
377.6,101325.0,0.6889,10,4,3.492,30.6,0.955211,0.915061,9.5383,6.2466
356.8,101325.0,0.2009,16,7,3.748,46.7,0.376671,0.999712,8.367,8.6896
361.2,101325.0,0.4867,12,7,3.77,55.3,0.990776,0.920806,6.4755,6.6029
371.7,101325.0,0.7354,17,8,1.537,43.3,0.975218,0.578635,4.3831,1.1365
346.1,101325.0,0.5132,12,6,3.561,63.4,0.995792,0.765393,5.0643,5.3849
378.7,101325.0,0.3463,13,5,2.216,63.2,0.684263,0.850489,3.7898,0.4644
373.8,101325.0,0.3409,14,6,2.865,40.8,0.573742,0.996948,7.429,5.6685
340.8,101325.0,0.2346,14,7,3.262,53.2,0.498639,0.997674,6.5276,7.0899
349.7,101325.0,0.2192,10,6,2.604,60.3,0.499214,0.965154,4.6821,5.1114
366.5,101325.0,0.4034,17,4,1.868,36.3,0.632911,0.99935,5.8898,5.9498
381.7,101325.0,0.6777,20,5,2.999,65.2,0.993618,0.490918,4.2239,0.852
353.5,101325.0,0.5528,20,10,2.788,52.5,0.995917,0.848158,5.4585,5.6609
356.1,101325.0,0.7908,20,9,3.422,48.9,0.999199,0.426975,6.8501,6.8783
347.1,101325.0,0.2995,11,7,3.796,53.6,0.626156,0.983276,7.1804,7.6096
381.1,101325.0,0.4335,13,5,1.988,65.3,0.782452,0.751931,3.2724,0.0922
378.2,101325.0,0.3021,17,5,3.345,38.7,0.492605,0.999655,8.7217,5.4088
340.7,101325.0,0.2609,18,7,1.579,61.9,0.675484,0.994277,3.1503,3.7101
344.3,101325.0,0.5636,12,4,1.746,35.4,0.854466,0.967186,5.5319,5.8654
353.7,101325.0,0.2067,12,5,2.945,69.4,0.625962,0.978161,3.8952,4.2787
371.3,101325.0,0.5052,19,10,2.398,64.2,0.933916,0.733872,3.7379,0.6567
360.4,101325.0,0.368,17,8,1.864,31.5,0.537062,0.999641,6.3954,6.5624
383.4,101325.0,0.5261,10,5,3.673,43.4,0.880072,0.935528,8.2103,4.8466
379.0,101325.0,0.7383,11,7,3.332,44.3,0.997439,0.587525,7.3176,3.9901
358.4,101325.0,0.7237,14,5,3.612,30.2,0.998628,0.911815,9.7602,9.8149
344.4,101325.0,0.6579,12,4,2.166,41.9,0.99322,0.807092,5.5835,5.8641
358.6,101325.0,0.219,13,6,2.004,53.6,0.462871,0.992112,4.5768,4.8637
355.1,101325.0,0.2631,12,3,3.526,62.1,0.670561,0.985574,5.5032,5.8333
365.0,101325.0,0.3397,10,4,1.945,50.4,0.625651,0.941711,4.7135,4.8281
351.2,101325.0,0.7559,18,7,1.762,56.3,0.995809,0.430317,3.6617,3.7737
382.8,101325.0,0.6252,14,4,2.034,68.4,0.970441,0.534297,2.9243,0.464
344.4,101325.0,0.7048,13,7,1.567,30.8,0.983856,0.922101,5.4028,5.6701
351.7,101325.0,0.4725,19,12,2.749,58.5,0.993125,0.896806,4.7227,4.9997
372.2,101325.0,0.2878,15,5,2.739,49.0,0.56249,0.998101,6.1992,6.1598
344.8,101325.0,0.6947,16,7,1.59,69.3,0.991699,0.436871,2.4144,2.6423
344.5,101325.0,0.3493,13,6,1.781,32.0,0.51129,0.994927,6.1811,6.6054
359.5,101325.0,0.5967,11,6,3.09,64.5,0.996031,0.623086,4.4046,4.4692
342.9,101325.0,0.7601,20,12,3.366,61.1,0.9989,0.391935,5.149,5.3761
341.0,101325.0,0.5137,19,9,2.869,39.3,0.846187,0.999828,7.3342,7.7491
345.9,101325.0,0.7464,15,6,3.026,64.7,0.998483,0.391135,4.309,4.4987
350.9,101325.0,0.2339,10,3,2.794,52.5,0.462707,0.973115,5.9175,6.3159
363.8,101325.0,0.6439,17,11,3.963,44.2,0.998497,0.803769,8.3966,6.8857
363.2,101325.0,0.2975,13,4,2.426,41.1,0.501899,0.995421,6.6018,6.7654
376.4,101325.0,0.4675,16,5,2.161,48.4,0.846159,0.936195,5.0938,1.8141
340.2,101325.0,0.6485,13,4,3.574,59.7,0.998256,0.5876,5.5892,5.914
378.5,101325.0,0.7842,16,7,2.491,59.2,0.995892,0.361696,4.321,0.9925
364.0,101325.0,0.3658,12,7,3.239,39.2,0.59662,0.992205,8.3459,8.4636
356.4,101325.0,0.6372,14,4,3.223,40.0,0.997501,0.90331,7.6841,7.8096
371.7,101325.0,0.6576,10,5,1.653,42.1,0.937694,0.727614,4.7164,1.4741
343.0,101325.0,0.278,14,8,1.505,56.2,0.616935,0.986151,3.5443,4.0509
376.3,101325.0,0.3216,12,5,1.992,41.4,0.532928,0.977525,5.7181,2.6171
342.3,101325.0,0.5963,16,5,2.527,66.1,0.995274,0.608317,3.6277,3.947
383.5,101325.0,0.281,18,5,3.177,47.3,0.532556,0.999274,7.1793,3.807
360.4,101325.0,0.7857,10,5,3.756,67.5,0.998569,0.316792,4.6864,2.4978
351.6,101325.0,0.4402,13,8,3.167,59.6,0.987456,0.930802,5.1164,5.4173
380.2,101325.0,0.7772,20,13,2.633,60.8,0.996119,0.363945,4.3202,0.9715
355.0,101325.0,0.2195,17,4,1.862,46.2,0.407523,0.999452,5.0792,5.4202
350.8,101325.0,0.4513,19,7,2.238,59.5,0.985378,0.912206,3.9873,4.291
349.2,101325.0,0.7847,15,9,2.085,55.5,0.997636,0.386033,4.1631,4.2912
352.6,101325.0,0.7133,11,7,1.844,38.8,0.991251,0.72513,5.2855,5.4132
344.0,101325.0,0.5419,19,5,3.378,46.3,0.997268,0.986316,7.13,7.5022
340.8,101325.0,0.5655,19,7,3.487,41.6,0.968195,0.999724,7.9962,8.4003
357.9,101325.0,0.5572,10,6,3.357,66.7,0.994342,0.661043,4.403,4.512
362.4,101325.0,0.6939,14,6,1.534,32.2,0.979723,0.907876,5.23,3.6314
363.7,101325.0,0.2369,17,10,1.918,31.3,0.344751,0.999822,6.6419,6.8229
347.8,101325.0,0.6865,16,6,2.81,58.2,0.997761,0.537052,4.8294,5.0244
365.4,101325.0,0.325,17,4,3.706,42.3,0.563097,0.999779,8.8269,8.9443
380.0,101325.0,0.3262,16,9,1.596,47.6,0.560973,0.932248,4.423,1.0839
381.2,101325.0,0.7715,19,7,2.53,49.4,0.996285,0.458745,5.4182,2.0618
368.8,101325.0,0.3447,12,5,2.077,55.8,0.738429,0.967176,4.3216,4.3855
341.5,101325.0,0.2746,10,5,3.219,70.0,0.766745,0.936319,4.0046,4.5388
350.4,101325.0,0.4787,18,12,2.043,30.2,0.685719,0.999773,6.8003,7.0728
375.0,101325.0,0.5883,11,3,2.083,43.9,0.931011,0.849651,5.3174,2.0479
380.9,101325.0,0.3317,13,8,2.616,39.0,0.539004,0.992544,7.1891,3.8415
374.1,101325.0,0.3052,15,6,2.367,56.8,0.691374,0.988508,4.6532,3.3699
377.2,101325.0,0.5693,13,7,2.572,31.7,0.827646,0.987323,7.6432,4.3508
367.6,101325.0,0.5689,12,6,3.301,37.5,0.898059,0.979691,8.3168,6.1434
367.5,101325.0,0.3457,15,7,3.431,44.3,0.619686,0.998791,7.97,8.0469
351.9,101325.0,0.2918,12,3,2.743,51.8,0.592253,0.987771,5.8452,6.2016
367.3,101325.0,0.2601,17,8,2.671,47.3,0.493163,0.999571,6.3346,6.4552
370.0,101325.0,0.7673,14,7,3.786,37.1,0.998903,0.625364,9.1266,5.9055
342.2,101325.0,0.7999,13,4,3.66,38.6,0.999353,0.517364,8.6736,8.9007
377.9,101325.0,0.7154,17,6,2.373,64.7,0.990775,0.434843,3.6161,0.2891
360.0,101325.0,0.4892,15,8,3.32,39.6,0.808769,0.998221,8.2004,8.3365
377.2,101325.0,0.4494,18,9,3.344,69.5,0.956533,0.773158,4.0527,0.7473
383.2,101325.0,0.6909,17,6,1.856,38.8,0.979855,0.764873,5.3207,1.9531
344.8,101325.0,0.4637,14,4,2.508,33.8,0.698855,0.996867,7.4215,7.7899
358.9,101325.0,0.4039,18,9,1.509,59.6,0.909781,0.939013,3.1292,3.3303
376.2,101325.0,0.5135,18,6,3.131,52.6,0.983722,0.910236,5.9557,2.6867
359.0,101325.0,0.4694,19,12,2.157,66.1,0.983734,0.794378,3.2552,3.403
366.4,101325.0,0.2412,11,6,3.201,49.4,0.464456,0.987479,6.9789,7.1227
346.2,101325.0,0.4331,18,10,2.453,60.7,0.9874,0.925817,4.1243,4.5103
379.5,101325.0,0.7897,17,10,3.412,32.9,0.998875,0.636915,8.9753,5.6495
374.4,101325.0,0.4568,13,7,2.702,33.0,0.678033,0.992368,7.9494,4.6811
342.6,101325.0,0.7707,20,11,1.55,46.1,0.995267,0.491863,4.1702,4.4023
365.9,101325.0,0.4687,15,5,1.541,65.1,0.949371,0.788985,2.7165,2.7536
372.6,101325.0,0.3593,14,4,1.793,36.4,0.562066,0.994983,5.7751,4.3542
340.7,101325.0,0.7361,13,5,3.675,43.6,0.999035,0.604027,7.9935,8.2738
350.3,101325.0,0.2719,10,6,3.049,43.5,0.463571,0.977051,7.5113,7.893
364.1,101325.0,0.3126,16,8,3.616,41.5,0.534074,0.999597,8.8057,8.9488
358.5,101325.0,0.2215,16,9,3.395,47.4,0.420738,0.999595,7.618,7.902
352.9,101325.0,0.7666,17,10,2.901,38.3,0.998854,0.607554,7.2971,7.3903
369.5,101325.0,0.6724,18,7,3.751,65.4,0.996592,0.499114,4.9862,1.7552
345.0,101325.0,0.5913,19,8,3.866,36.3,0.928214,0.999886,9.5349,9.857
341.4,101325.0,0.2301,12,4,2.092,39.2,0.374418,0.99374,6.2164,6.7613
364.6,101325.0,0.6221,10,3,2.785,58.7,0.992362,0.638408,4.7459,3.1609
384.8,101325.0,0.4102,20,5,2.146,49.6,0.764533,0.949848,5.0184,1.6322
347.6,101325.0,0.654,10,4,3.938,38.5,0.985762,0.875902,9.2329,9.4756
383.6,101325.0,0.6804,12,3,3.968,45.2,0.997714,0.704309,8.2558,4.8792
370.7,101325.0,0.6184,15,8,3.936,45.7,0.997328,0.831831,8.1285,4.9133
347.4,101325.0,0.6904,14,4,3.449,40.5,0.99867,0.762498,8.0258,8.2435
372.0,101325.0,0.7033,17,6,3.118,51.0,0.996692,0.578585,6.1204,2.8693
340.0,101325.0,0.7253,12,4,1.964,58.0,0.995955,0.470691,3.7765,4.0627
344.7,101325.0,0.6424,15,9,2.131,63.7,0.994586,0.558296,3.4489,3.7087
359.1,101325.0,0.3896,19,6,2.605,64.5,0.983411,0.937277,3.8928,4.1037
369.1,101325.0,0.453,15,6,2.565,47.2,0.851924,0.993249,5.8725,4.7308
384.5,101325.0,0.7149,11,3,2.02,49.8,0.986515,0.558895,4.6084,1.2124
359.7,101325.0,0.3312,10,4,3.513,33.0,0.484465,0.979973,9.9089,10.1033
351.3,101325.0,0.2901,17,10,3.884,34.2,0.440828,0.999896,10.5726,10.9252
366.6,101325.0,0.7205,12,4,3.268,62.0,0.996747,0.448812,4.9192,1.7218
358.0,101325.0,0.3037,19,10,3.57,54.7,0.67019,0.999809,6.642,6.9031
372.6,101325.0,0.7488,11,3,1.749,44.9,0.985717,0.541937,4.6051,1.3479
369.9,101325.0,0.4376,19,8,2.659,47.7,0.836011,0.999226,5.9868,4.698
353.2,101325.0,0.606,14,5,2.565,33.6,0.909499,0.993763,7.308,7.4966
351.5,101325.0,0.2846,16,5,2.449,62.0,0.73999,0.994507,4.1636,4.5451
353.9,101325.0,0.6924,11,3,3.134,37.4,0.9953,0.814638,7.8518,7.9782
375.7,101325.0,0.3917,15,7,2.028,43.9,0.682697,0.980164,5.4408,2.1645
360.6,101325.0,0.598,16,5,3.574,34.3,0.909718,0.999065,9.2771,9.359
367.2,101325.0,0.3347,15,9,2.774,33.6,0.503655,0.999186,8.197,8.2719
367.0,101325.0,0.4164,16,5,1.771,47.4,0.787197,0.995071,4.5968,4.6599
353.9,101325.0,0.3588,15,5,1.95,61.5,0.882726,0.969192,3.5239,3.8314
342.9,101325.0,0.6055,17,10,1.755,65.4,0.989181,0.597486,2.896,3.2012
366.4,101325.0,0.5851,15,7,2.002,64.8,0.977159,0.627869,3.2185,1.3334
356.0,101325.0,0.3541,17,5,1.75,63.6,0.894335,0.955085,3.0991,3.3742
375.1,101325.0,0.2643,13,5,2.872,37.0,0.417832,0.997118,8.0403,6.9205
377.9,101325.0,0.6025,14,7,2.751,37.9,0.958126,0.980138,7.1228,3.8384
359.0,101325.0,0.4425,18,10,3.191,36.0,0.691323,0.99985,8.5808,8.7439
374.8,101325.0,0.7709,20,13,3.831,68.9,0.998082,0.331645,4.5558,1.266
381.7,101325.0,0.3219,17,10,2.391,52.3,0.64887,0.976311,5.2041,1.8574
373.4,101325.0,0.4241,16,9,3.308,38.3,0.686725,0.998977,8.5088,5.5475
346.8,101325.0,0.7851,14,5,1.93,39.9,0.99744,0.534739,5.3403,5.5094
372.5,101325.0,0.5356,15,7,2.701,52.6,0.973553,0.859062,5.3472,2.113
375.6,101325.0,0.435,18,10,3.914,62.7,0.981146,0.889907,5.578,2.3135
370.2,101325.0,0.6728,15,9,3.233,47.5,0.996609,0.685093,6.7408,3.517
344.1,101325.0,0.7523,17,7,2.036,37.8,0.997345,0.650922,5.727,5.955
367.6,101325.0,0.3812,15,7,2.625,69.4,0.977909,0.881897,3.378,3.4452
384.0,101325.0,0.7209,18,5,2.913,63.8,0.995084,0.434671,4.298,0.9011
354.7,101325.0,0.5048,17,7,2.531,62.7,0.992271,0.785192,3.9987,4.1958
345.3,101325.0,0.7895,15,6,2.048,67.3,0.99743,0.31153,3.0227,3.2013
368.1,101325.0,0.6871,18,9,2.219,39.2,0.990953,0.784178,5.9437,2.7526
342.8,101325.0,0.2062,11,3,1.699,59.3,0.465018,0.971436,3.6063,4.152
381.2,101325.0,0.207,18,11,1.515,43.0,0.354094,0.987985,4.7468,1.4014
364.2,101325.0,0.7867,15,7,3.527,47.6,0.998708,0.446686,7.192,4.0267
381.4,101325.0,0.2766,20,7,2.149,44.2,0.494535,0.99853,5.7527,2.4042
365.6,101325.0,0.7498,15,7,2.886,46.3,0.997296,0.537252,6.3287,3.15
367.9,101325.0,0.2852,10,3,2.403,42.3,0.473021,0.971,6.4415,6.5311
343.7,101325.0,0.3002,14,7,3.365,59.9,0.739798,0.994086,5.5608,6.0542
348.3,101325.0,0.4355,17,4,3.716,49.3,0.858302,0.999302,7.4512,7.8048
366.3,101325.0,0.7578,13,6,3.467,66.8,0.997574,0.361369,4.4975,1.3023
360.5,101325.0,0.2349,14,9,1.53,69.9,0.66453,0.950105,2.4451,2.6984
341.0,101325.0,0.4978,12,5,3.739,37.2,0.786646,0.989819,9.3868,9.8018
379.3,101325.0,0.6177,19,7,3.845,65.8,0.995233,0.578525,5.0275,1.6847
374.3,101325.0,0.4903,19,8,2.227,44.2,0.868813,0.987541,5.601,2.3553
348.0,101325.0,0.5631,14,6,3.281,45.3,0.994676,0.958115,7.1059,7.4021
383.1,101325.0,0.5169,11,6,3.254,43.6,0.880548,0.953502,7.4471,4.0899
380.6,101325.0,0.7621,19,11,2.985,55.7,0.997176,0.424863,5.354,2.0016
362.5,101325.0,0.6018,16,10,2.432,57.3,0.994869,0.691114,4.4467,4.3229
351.4,101325.0,0.6629,15,7,2.74,30.8,0.956394,0.996448,7.9167,8.1085
381.3,101325.0,0.2525,12,7,3.701,36.2,0.393316,0.995678,9.9043,6.5513
358.2,101325.0,0.4058,18,6,2.993,52.0,0.844599,0.999239,5.9872,6.2031
366.9,101325.0,0.5247,13,4,2.177,67.3,0.978886,0.69598,3.1631,1.9533
348.0,101325.0,0.7136,10,4,3.758,40.2,0.996325,0.706985,8.6309,8.8243
366.2,101325.0,0.7727,11,4,1.665,30.6,0.984085,0.70671,5.625,2.4497
347.0,101325.0,0.2503,16,9,1.576,62.6,0.649464,0.988177,3.0994,3.565
380.2,101325.0,0.21,14,8,1.636,60.0,0.382276,0.904851,3.4847,0.147
367.6,101325.0,0.3532,17,8,3.415,61.3,0.908056,0.997065,5.2763,5.3764
382.9,101325.0,0.6474,12,7,3.51,31.7,0.937967,0.978625,9.4574,6.1089
341.9,101325.0,0.6016,18,10,3.43,60.3,0.997775,0.659231,5.3332,5.6613
342.7,101325.0,0.2238,11,6,3.933,67.7,0.646599,0.977919,5.1279,5.6761
342.9,101325.0,0.3265,12,6,2.549,32.7,0.482,0.993534,7.829,8.2905
374.6,101325.0,0.3143,11,6,3.738,66.5,0.832948,0.946971,4.9681,3.2315
361.4,101325.0,0.5086,20,9,3.142,56.8,0.995893,0.862051,5.4283,5.5326
365.4,101325.0,0.4577,13,6,3.229,37.3,0.726791,0.994632,8.4401,8.4977
351.1,101325.0,0.4498,19,8,3.117,40.7,0.758434,0.999878,7.7343,8.0243
355.5,101325.0,0.4172,16,9,3.174,59.7,0.990055,0.969548,5.1094,5.3702
369.5,101325.0,0.2393,12,5,1.519,68.3,0.625004,0.939716,2.5769,2.6755
347.2,101325.0,0.4299,12,4,2.448,31.3,0.621322,0.990249,7.6478,7.9902
355.4,101325.0,0.5438,13,8,2.59,66.7,0.993464,0.680694,3.6286,3.7837
379.0,101325.0,0.3165,19,10,2.16,67.6,0.629295,0.83342,3.3023,0.0296
345.5,101325.0,0.5219,12,5,3.424,43.4,0.907537,0.981015,7.7333,8.0821
352.7,101325.0,0.538,15,6,2.162,57.3,0.990545,0.799238,4.1007,4.3148
343.9,101325.0,0.2606,12,7,1.716,30.7,0.373245,0.993677,6.2244,6.7069
358.3,101325.0,0.7473,20,6,1.738,62.6,0.995119,0.400758,3.107,3.1169
369.9,101325.0,0.7629,13,6,2.206,37.7,0.994944,0.620556,6.0605,2.8397
343.2,101325.0,0.5275,18,6,3.439,33.5,0.793158,0.999848,9.3009,9.6671
380.3,101325.0,0.2869,12,3,1.624,42.7,0.47331,0.963247,4.9323,1.5905
369.2,101325.0,0.6083,14,6,3.236,30.0,0.8671,0.995563,9.2261,6.0308
360.4,101325.0,0.506,12,6,3.495,43.4,0.881111,0.983194,7.8961,8.0242
372.3,101325.0,0.4582,11,5,3.226,63.9,0.964271,0.827709,4.6591,1.7851
372.3,101325.0,0.6038,15,4,2.664,43.0,0.988043,0.905563,6.3465,3.1214
348.5,101325.0,0.7649,17,10,3.692,41.9,0.999262,0.560074,8.264,8.4184
373.1,101325.0,0.697,12,4,3.187,37.5,0.996027,0.8014,7.9385,4.6929
371.4,101325.0,0.5702,10,3,3.309,52.1,0.981725,0.808168,6.2805,3.0528
359.0,101325.0,0.4914,20,10,1.598,59.8,0.966452,0.827964,3.1881,3.3301
371.9,101325.0,0.7426,19,12,2.133,68.4,0.990929,0.372125,3.0066,0.2523
352.0,101325.0,0.4908,18,11,2.855,66.3,0.993665,0.764806,3.9431,4.1849
341.2,101325.0,0.6669,19,5,1.512,67.9,0.989099,0.485421,2.4498,2.7439
340.5,101325.0,0.6293,18,11,2.323,53.7,0.99577,0.686671,4.6676,5.0059
346.2,101325.0,0.6762,14,7,2.361,67.5,0.996251,0.477898,3.3135,3.5315
367.1,101325.0,0.5347,18,7,2.279,52.7,0.984737,0.869221,4.7164,3.2866
373.2,101325.0,0.5954,18,5,3.215,40.0,0.989184,0.995162,7.6833,4.461
363.5,101325.0,0.4309,11,6,3.826,58.5,0.958385,0.943327,6.1239,6.2437
351.7,101325.0,0.7432,13,8,2.964,64.0,0.998366,0.400331,4.3269,4.4348
384.9,101325.0,0.2623,11,7,3.593,52.4,0.529568,0.980485,7.1326,3.7427
361.2,101325.0,0.7509,17,7,2.413,60.5,0.996298,0.409318,4.0895,2.1081
346.9,101325.0,0.2814,17,8,1.735,58.8,0.67615,0.995191,3.6123,4.0627
342.1,101325.0,0.4079,19,9,3.119,68.7,0.99211,0.858276,3.9144,4.3627
373.5,101325.0,0.2246,13,5,2.221,66.6,0.625531,0.976467,3.4715,3.5178
355.4,101325.0,0.3612,17,10,3.171,37.3,0.575938,0.999767,8.489,8.7445
341.3,101325.0,0.7171,13,4,3.62,37.3,0.998807,0.756458,8.7823,9.0742
361.6,101325.0,0.5316,18,5,2.289,43.6,0.9415,0.998588,5.6913,5.7975
367.5,101325.0,0.7115,12,8,3.718,40.7,0.997903,0.705794,8.4839,5.2938
378.6,101325.0,0.3289,16,6,3.411,52.4,0.686256,0.995718,6.7217,3.4198
343.8,101325.0,0.2591,12,7,1.891,46.4,0.473481,0.988547,5.0832,5.578
349.1,101325.0,0.6918,11,6,2.332,32.3,0.97716,0.906248,6.8706,7.0742
355.7,101325.0,0.7147,15,4,3.066,49.7,0.998474,0.5725,6.201,6.2717
348.5,101325.0,0.389,15,5,3.629,64.0,0.991786,0.950099,5.0599,5.4398
366.0,101325.0,0.6257,16,6,3.794,47.8,0.99774,0.780589,7.5887,5.2975
378.1,101325.0,0.6718,11,3,1.565,52.5,0.947442,0.577592,3.7336,0.4074
352.9,101325.0,0.7525,19,9,3.669,43.8,0.999182,0.564019,7.9547,8.0509
377.1,101325.0,0.5217,13,5,3.156,51.2,0.977385,0.912658,6.177,2.8968
352.3,101325.0,0.5615,20,7,2.656,51.7,0.99565,0.844145,5.3573,5.573
370.5,101325.0,0.2684,15,4,2.327,68.8,0.799489,0.972443,3.2672,3.3502
368.2,101325.0,0.2011,10,6,3.72,30.8,0.286166,0.990022,10.8567,10.9832
342.1,101325.0,0.208,16,10,2.793,48.5,0.403382,0.999467,6.4458,6.9996
346.7,101325.0,0.3272,10,6,3.871,50.1,0.62622,0.970626,7.8427,8.2583
357.6,101325.0,0.5909,13,7,2.952,47.3,0.995774,0.860224,6.3184,6.4423
347.3,101325.0,0.3215,17,5,1.933,38.2,0.519952,0.999555,5.9194,6.3214
353.2,101325.0,0.6983,13,4,1.736,52.4,0.993665,0.570008,3.9528,4.0663
378.5,101325.0,0.4616,15,7,3.615,65.2,0.977234,0.813622,4.8916,1.5781
356.3,101325.0,0.4183,13,8,2.622,34.7,0.637853,0.994865,7.6203,7.8327
359.5,101325.0,0.3762,13,6,1.866,57.8,0.835979,0.959482,3.7837,3.9874
342.6,101325.0,0.5145,14,6,3.457,40.6,0.863482,0.996075,8.2428,8.6354
356.4,101325.0,0.7241,16,4,3.548,53.1,0.998871,0.518588,6.4667,6.5199
380.5,101325.0,0.7568,13,4,3.125,42.7,0.997874,0.566701,7.1674,3.8232
382.7,101325.0,0.6646,14,4,3.196,53.1,0.995607,0.627758,5.9704,2.5962
369.5,101325.0,0.7129,18,9,3.974,35.1,0.99877,0.815676,9.787,6.584
380.2,101325.0,0.2739,19,7,3.009,61.3,0.653817,0.96595,4.9885,1.6653
371.5,101325.0,0.4147,15,6,2.825,31.2,0.602236,0.998839,8.5161,6.7651
372.3,101325.0,0.4025,20,9,2.221,61.4,0.879427,0.897329,3.8599,1.902
363.4,101325.0,0.3284,12,4,3.224,65.7,0.885362,0.96236,4.4931,4.6646
365.1,101325.0,0.5323,13,5,2.379,63.8,0.989499,0.727112,3.7159,3.276
342.7,101325.0,0.6455,10,3,3.462,43.3,0.99123,0.807263,7.6828,7.9939
356.2,101325.0,0.737,11,4,1.947,54.1,0.995637,0.482435,4.1038,4.1528
349.0,101325.0,0.4945,13,8,1.873,65.6,0.978723,0.759419,3.0092,3.2932
378.0,101325.0,0.3874,10,3,3.512,45.5,0.676722,0.95915,7.8825,4.5751
380.0,101325.0,0.2562,17,4,2.878,52.3,0.532663,0.995945,6.0329,2.7093
381.8,101325.0,0.4722,19,8,3.635,45.9,0.872294,0.999361,7.7948,4.4617
347.2,101325.0,0.6976,14,8,3.372,59.1,0.998491,0.510631,5.4216,5.6189
369.5,101325.0,0.4386,11,3,2.568,56.6,0.903489,0.917864,4.7861,3.6662
355.9,101325.0,0.7196,13,8,3.554,69.4,0.998562,0.4034,4.2251,4.2802
374.0,101325.0,0.7493,18,9,3.819,66.4,0.997911,0.376503,4.9099,1.6286
348.0,101325.0,0.7185,15,5,2.328,51.7,0.997327,0.54199,4.8749,5.0543
356.6,101325.0,0.2053,11,7,3.132,32.7,0.302133,0.993992,9.2359,9.5517
356.6,101325.0,0.5823,11,4,2.554,63.4,0.993487,0.655072,3.9482,4.0659
383.9,101325.0,0.5886,15,4,2.747,39.2,0.958697,0.985365,6.9655,3.6109
356.9,101325.0,0.5729,17,10,1.713,35.0,0.880435,0.998229,5.4737,5.621
354.1,101325.0,0.7802,17,5,3.705,58.4,0.99918,0.375786,5.9335,5.9923
342.4,101325.0,0.7603,11,6,3.081,34.6,0.997768,0.68857,8.0935,8.3445
363.3,101325.0,0.4215,17,9,2.644,51.7,0.870451,0.997917,5.4731,5.6024
354.5,101325.0,0.5679,16,9,3.634,65.9,0.997399,0.654344,4.7922,4.9479
347.1,101325.0,0.5223,15,8,3.999,40.3,0.87378,0.998372,9.2747,9.5975
352.7,101325.0,0.7733,15,7,1.812,47.7,0.996649,0.471588,4.4608,4.5467
355.0,101325.0,0.2088,18,6,2.904,51.6,0.431185,0.999793,6.2213,6.5719
368.6,101325.0,0.7405,20,7,2.665,39.0,0.996774,0.660341,6.781,3.5762
340.5,101325.0,0.5196,12,7,3.257,68.8,0.995367,0.696154,4.0297,4.4207
383.4,101325.0,0.6337,13,8,3.497,46.4,0.99596,0.784774,7.3123,3.9431
346.4,101325.0,0.6594,14,9,2.946,69.5,0.997337,0.488903,3.65,3.8726
347.7,101325.0,0.3239,19,8,2.925,69.8,0.979096,0.95957,3.6089,4.0374
381.4,101325.0,0.6721,14,8,2.069,35.6,0.981517,0.887617,6.0143,2.6793
381.1,101325.0,0.7203,15,7,2.285,54.8,0.99148,0.503373,4.5088,1.1496
360.9,101325.0,0.6663,14,5,2.845,69.1,0.996958,0.481563,3.6035,3.3548
363.8,101325.0,0.5758,11,6,3.067,54.4,0.993493,0.774334,5.629,5.198
368.9,101325.0,0.7044,20,13,2.841,30.5,0.996995,0.962371,8.0965,4.9147
377.5,101325.0,0.4508,13,6,1.559,38.0,0.696679,0.950369,5.0719,1.765
351.8,101325.0,0.4918,19,11,2.228,69.6,0.987396,0.724666,2.9824,3.2206
379.5,101325.0,0.6681,18,11,2.592,48.0,0.992539,0.683373,5.6705,2.3388
378.1,101325.0,0.3443,20,10,2.042,33.1,0.514552,0.999804,6.6496,3.3327
346.0,101325.0,0.4537,13,6,1.514,33.4,0.675906,0.989379,5.3677,5.7204
346.5,101325.0,0.3804,10,4,1.568,60.0,0.769955,0.879303,3.2484,3.634
357.3,101325.0,0.7568,12,5,2.29,35.6,0.997227,0.678137,6.4258,6.4631
341.1,101325.0,0.7415,12,4,3.661,39.3,0.998855,0.655995,8.5775,8.8532
363.0,101325.0,0.6245,12,8,3.898,55.7,0.997845,0.672433,6.5798,5.788
380.6,101325.0,0.4157,18,5,1.56,48.1,0.683537,0.873298,4.255,0.9039
349.3,101325.0,0.7758,17,10,3.969,55.4,0.999288,0.40412,6.7182,6.849
361.6,101325.0,0.5642,16,5,3.572,45.4,0.997437,0.95689,7.5705,7.6606
363.4,101325.0,0.7942,20,10,1.718,54.8,0.990284,0.367533,3.7315,0.572
363.5,101325.0,0.3945,14,5,1.551,34.3,0.598068,0.995423,5.4264,5.5348
344.9,101325.0,0.6785,11,5,3.81,58.2,0.998333,0.551208,6.0962,6.3376
345.0,101325.0,0.3874,16,10,1.508,38.4,0.627799,0.998238,4.9839,5.3896
360.9,101325.0,0.7691,12,5,1.624,66.2,0.989883,0.343626,2.6941,0.5415
349.8,101325.0,0.2849,14,8,3.3,68.3,0.864251,0.983984,4.2434,4.6588
373.5,101325.0,0.7515,14,8,2.219,38.8,0.994538,0.631848,5.9782,2.7169
363.0,101325.0,0.3325,11,5,2.191,64.3,0.802322,0.928349,3.584,3.747
372.4,101325.0,0.5465,16,9,3.175,65.7,0.985012,0.682433,4.3544,1.0988
348.1,101325.0,0.3802,13,8,2.306,50.5,0.754042,0.986237,5.1878,5.5637
384.4,101325.0,0.2214,13,4,2.995,35.9,0.343916,0.997355,8.4849,5.0942
367.3,101325.0,0.2969,17,10,2.585,30.6,0.427741,0.999844,8.1941,8.2833
364.4,101325.0,0.2155,11,5,1.628,50.5,0.413367,0.978448,4.2892,4.4782
357.7,101325.0,0.7784,11,3,3.314,38.1,0.998589,0.579336,8.0963,8.1132
350.2,101325.0,0.6154,11,3,3.306,69.8,0.996965,0.54969,3.9441,4.1337
371.5,101325.0,0.4053,16,5,2.26,53.4,0.850604,0.983292,4.7406,3.1679
370.4,101325.0,0.6274,12,7,2.187,45.8,0.976046,0.785194,5.2624,2.0434
364.9,101325.0,0.6697,17,8,3.335,58.7,0.996867,0.560487,5.4302,2.9626
364.6,101325.0,0.5982,12,7,2.674,64.1,0.993379,0.623124,4.0035,2.7878
343.6,101325.0,0.2692,18,10,2.188,60.7,0.681869,0.997979,4.0133,4.524
371.9,101325.0,0.4659,15,8,2.574,52.8,0.924959,0.944463,5.1925,2.4362
379.3,101325.0,0.3388,19,11,3.95,61.3,0.859839,0.990132,5.9682,2.6719
374.4,101325.0,0.7079,11,6,3.778,40.0,0.997091,0.725902,8.6947,5.428
351.5,101325.0,0.5062,19,10,2.654,32.7,0.752107,0.999898,7.7981,8.0469
356.9,101325.0,0.4076,14,8,3.161,60.8,0.981611,0.962532,4.9634,5.205
368.3,101325.0,0.7244,18,9,2.36,48.2,0.993824,0.565146,5.2824,2.0735
356.8,101325.0,0.544,13,6,3.252,32.2,0.79963,0.994249,9.0737,9.2261
356.5,101325.0,0.4495,10,3,3.866,65.3,0.985278,0.835227,5.134,5.3369
382.7,101325.0,0.4582,11,6,1.658,52.7,0.751635,0.805168,3.987,0.6063
375.0,101325.0,0.6021,11,5,1.557,58.5,0.897964,0.607787,3.2832,0.0116
360.4,101325.0,0.7274,17,6,2.708,52.1,0.997671,0.521083,5.3861,4.3257
374.7,101325.0,0.5308,14,8,1.614,46.8,0.838355,0.818815,4.3488,1.0716
361.1,101325.0,0.4247,17,11,3.815,52.2,0.887516,0.999084,7.1348,7.2993
377.9,101325.0,0.6836,15,10,2.619,60.3,0.991895,0.519373,4.3624,1.0374
345.1,101325.0,0.4836,19,9,2.376,59.0,0.99061,0.868701,4.2039,4.5699
356.6,101325.0,0.315,20,11,2.305,67.2,0.9258,0.983138,3.3362,3.6316
378.9,101325.0,0.4953,17,9,2.381,43.2,0.864093,0.989583,5.9785,2.6766
348.4,101325.0,0.5544,19,12,3.155,53.5,0.996976,0.830247,5.8599,6.1357
362.1,101325.0,0.5521,12,3,3.95,53.2,0.996485,0.838845,7.0269,7.097
380.6,101325.0,0.7399,14,4,3.873,59.8,0.998131,0.433693,5.9399,2.5851
348.9,101325.0,0.2058,12,6,3.691,38.6,0.333263,0.996952,9.5496,9.9916
363.4,101325.0,0.5948,18,6,1.941,58.6,0.98876,0.683525,3.6994,3.1711
346.2,101325.0,0.3554,15,5,3.271,30.3,0.509641,0.999404,9.7317,10.1257
355.8,101325.0,0.7634,16,6,2.776,59.6,0.998426,0.395913,4.6254,4.6662
377.1,101325.0,0.4225,10,5,1.946,33.8,0.609051,0.942873,6.306,2.9961
341.6,101325.0,0.7644,17,6,3.361,58.4,0.998959,0.402683,5.5,5.7443
370.4,101325.0,0.5634,15,8,1.903,56.3,0.917964,0.711816,3.9102,0.6783
380.6,101325.0,0.4737,15,6,1.806,32.9,0.701889,0.991693,6.0145,2.6721
344.8,101325.0,0.625,11,4,1.878,36.3,0.934442,0.918008,5.6325,5.9296
380.8,101325.0,0.5059,13,7,2.796,63.4,0.957317,0.754699,4.249,0.899
352.6,101325.0,0.6368,17,9,2.03,68.8,0.993253,0.524847,2.8696,3.0128
384.4,101325.0,0.5315,15,8,3.251,48.0,0.983019,0.957699,6.7245,3.3639
360.3,101325.0,0.6101,13,4,1.758,43.0,0.983599,0.885039,4.7817,4.8575
382.4,101325.0,0.7183,17,7,3.909,61.5,0.997813,0.456679,5.7312,2.354
375.5,101325.0,0.3927,15,6,2.892,41.2,0.665483,0.996609,7.3469,4.0729
368.2,101325.0,0.7916,17,11,1.821,54.3,0.991509,0.376647,3.9147,0.7028
350.2,101325.0,0.2217,17,6,1.603,43.0,0.38856,0.999486,4.9013,5.3158
350.9,101325.0,0.2967,19,5,2.768,45.4,0.543314,0.999888,6.7022,7.0677
351.8,101325.0,0.5567,18,6,2.712,48.1,0.995854,0.917076,5.8445,6.081
367.2,101325.0,0.6218,18,8,1.938,42.1,0.974656,0.863481,5.1839,2.4013
360.2,101325.0,0.6643,10,5,2.096,30.5,0.909758,0.89502,6.6425,6.6854
368.0,101325.0,0.3342,12,4,2.828,39.4,0.546275,0.991986,7.5548,7.6214
371.0,101325.0,0.3247,15,7,3.932,53.4,0.694759,0.998234,7.3491,7.281
346.5,101325.0,0.318,18,6,2.026,46.8,0.597301,0.999494,5.2126,5.6381
348.5,101325.0,0.3973,20,10,3.906,69.6,0.995008,0.863739,4.5254,4.883
366.2,101325.0,0.5733,18,6,1.847,45.2,0.975602,0.914447,4.7535,3.1754
366.6,101325.0,0.5176,10,4,1.813,32.3,0.730565,0.928768,6.0584,5.1034
341.1,101325.0,0.3284,10,3,2.182,55.8,0.666264,0.939226,4.5147,5.015
366.8,101325.0,0.4168,10,4,2.613,60.3,0.890207,0.894876,4.4442,4.5039
358.4,101325.0,0.4841,16,8,3.325,34.8,0.742156,0.999382,8.9555,9.1102
362.7,101325.0,0.6306,13,6,3.801,37.4,0.991055,0.972615,9.127,8.4364
340.9,101325.0,0.6171,16,7,2.44,56.5,0.995853,0.674505,4.5396,4.8767
364.0,101325.0,0.3833,17,7,1.814,60.7,0.91735,0.962472,3.4091,3.5451
349.8,101325.0,0.5561,16,8,2.823,65.9,0.995378,0.671204,3.9553,4.1885
372.6,101325.0,0.5971,11,3,2.079,41.0,0.92468,0.874293,5.592,2.3525
353.5,101325.0,0.4013,15,7,2.325,32.6,0.594789,0.998734,7.2586,7.52
351.8,101325.0,0.5361,10,4,3.522,30.1,0.750666,0.962177,10.0255,10.2481
344.6,101325.0,0.348,17,6,1.827,60.5,0.860251,0.986439,3.4787,3.9382
376.1,101325.0,0.3303,12,6,1.731,61.2,0.604099,0.843286,3.4283,0.3006
366.1,101325.0,0.6125,16,10,3.348,38.1,0.986443,0.994917,8.1815,6.0696
353.6,101325.0,0.7995,14,6,3.121,38.9,0.999155,0.514096,7.6332,7.6984
349.0,101325.0,0.2268,12,5,1.962,48.7,0.432317,0.989688,5.0025,5.4353
357.7,101325.0,0.7865,19,7,2.316,62.7,0.997898,0.33926,3.7506,3.5787
374.5,101325.0,0.5685,17,5,1.943,35.0,0.870569,0.992474,5.9484,2.695
357.4,101325.0,0.5775,13,3,2.974,47.4,0.995083,0.885929,6.3425,6.4793
362.6,101325.0,0.445,15,8,3.703,57.9,0.994264,0.954426,6.0087,6.1413
371.4,101325.0,0.275,18,5,1.742,64.3,0.742821,0.984739,3.1085,3.1714
363.7,101325.0,0.3295,10,6,3.405,64.0,0.805311,0.938141,4.9866,5.142
348.6,101325.0,0.6911,13,5,1.531,57.3,0.990958,0.532354,3.2821,3.4629
348.3,101325.0,0.7262,15,4,1.919,48.7,0.996096,0.558105,4.5426,4.7155
385.0,101325.0,0.248,17,6,3.662,30.5,0.356788,0.999893,10.7268,7.3236
353.1,101325.0,0.4798,19,7,2.415,55.5,0.990685,0.929818,4.6154,4.873
384.9,101325.0,0.2587,12,8,4.0,39.3,0.4232,0.995375,9.9993,6.6016
363.5,101325.0,0.4049,17,6,1.696,45.3,0.738446,0.997855,4.686,4.8061
380.0,101325.0,0.5792,11,6,1.842,44.6,0.902067,0.82185,4.8676,1.5329
379.4,101325.0,0.5288,11,5,2.245,52.7,0.916208,0.818914,4.7325,1.4056
341.8,101325.0,0.3369,15,8,2.997,61.8,0.868981,0.991982,4.7492,5.2601
379.9,101325.0,0.6142,10,3,2.64,35.2,0.897095,0.90658,7.299,3.9734
352.1,101325.0,0.5713,17,10,1.62,61.4,0.982879,0.687444,3.0766,3.2699
372.8,101325.0,0.4291,14,6,3.291,51.6,0.871032,0.985414,6.4575,3.7935
364.3,101325.0,0.6627,15,5,3.926,51.1,0.998249,0.658402,7.3039,5.2362
344.7,101325.0,0.5294,20,12,1.996,58.7,0.988428,0.79358,3.7597,4.0969
363.4,101325.0,0.7544,18,11,2.828,32.1,0.997822,0.760507,7.8819,4.7858
343.5,101325.0,0.314,14,6,2.476,64.4,0.843738,0.97883,3.8662,4.3598
347.6,101325.0,0.5796,19,9,2.826,37.0,0.919883,0.999783,7.4266,7.7158
360.0,101325.0,0.6035,11,7,2.424,44.0,0.981138,0.877089,5.8353,5.9174
360.8,101325.0,0.7368,13,6,2.388,50.0,0.996721,0.52312,5.1381,3.6502
341.7,101325.0,0.2028,13,6,2.801,57.8,0.472783,0.994315,5.2622,5.831
363.7,101325.0,0.3866,13,7,2.647,33.7,0.580934,0.995724,7.8443,7.9522
346.2,101325.0,0.5623,17,11,3.64,50.3,0.99792,0.868107,6.9929,7.3029
343.3,101325.0,0.4652,16,6,3.798,63.8,0.996502,0.836256,5.2684,5.6657
371.7,101325.0,0.3152,10,3,3.53,66.3,0.809417,0.936007,4.7973,4.5556
359.6,101325.0,0.7993,18,9,2.942,69.8,0.998055,0.286694,3.6099,1.6209
356.2,101325.0,0.5072,19,8,2.384,57.1,0.991617,0.856744,4.4082,4.5923
351.4,101325.0,0.6249,12,4,1.761,57.9,0.989481,0.640192,3.5312,3.7072
353.7,101325.0,0.5618,14,7,1.556,36.4,0.875271,0.985905,5.0506,5.2503
352.1,101325.0,0.2386,17,7,1.971,53.9,0.516079,0.998724,4.4745,4.8579
348.2,101325.0,0.4826,17,7,1.563,41.7,0.825945,0.997415,4.6826,5.0056
347.3,101325.0,0.5387,13,4,1.674,42.7,0.913632,0.964411,4.7265,5.0374
345.8,101325.0,0.5413,18,9,2.823,62.1,0.995377,0.735826,4.396,4.7037
383.7,101325.0,0.4357,19,8,2.751,32.4,0.644448,0.999835,8.1628,4.7793
357.9,101325.0,0.5614,18,11,3.122,34.0,0.850491,0.999773,8.4897,8.6238
358.5,101325.0,0.5186,13,4,3.091,40.2,0.861143,0.990947,7.62,7.7691
358.2,101325.0,0.3065,14,8,1.771,56.2,0.681181,0.985508,3.8882,4.1431
359.1,101325.0,0.4083,12,6,2.756,64.2,0.971111,0.905562,4.1007,4.2948
369.1,101325.0,0.4679,18,8,1.827,54.5,0.926825,0.915241,3.9578,2.5859
374.5,101325.0,0.3213,14,9,1.963,64.7,0.72697,0.900032,3.3292,1.5088
354.0,101325.0,0.4515,15,8,3.026,53.5,0.960523,0.990871,5.7217,5.9889
342.0,101325.0,0.2767,14,4,1.898,34.7,0.42269,0.99803,6.2351,6.7405
366.7,101325.0,0.5082,14,8,2.319,35.7,0.787203,0.994316,6.7305,5.884
372.5,101325.0,0.4864,19,11,3.987,64.1,0.98987,0.795572,5.4383,2.1956
362.5,101325.0,0.2185,16,7,2.485,47.6,0.416357,0.999309,6.0198,6.2402
373.9,101325.0,0.6551,13,4,1.78,37.8,0.95885,0.844719,5.2867,2.0318
345.5,101325.0,0.6844,14,5,2.129,51.5,0.996018,0.609065,4.6037,4.8382
383.5,101325.0,0.5753,15,7,2.463,49.9,0.973843,0.824843,5.288,1.9182
340.4,101325.0,0.3478,13,7,1.513,51.8,0.697315,0.977422,3.8718,4.3785
377.5,101325.0,0.7564,19,11,3.721,36.3,0.99883,0.669021,9.1173,5.8138
384.5,101325.0,0.2978,19,12,2.005,38.5,0.48366,0.999092,6.0567,2.6635
355.7,101325.0,0.4133,12,7,2.786,59.5,0.943051,0.9473,4.7029,4.9538
383.3,101325.0,0.4397,12,5,3.829,35.8,0.679898,0.991045,9.9336,6.5586
361.3,101325.0,0.7329,12,7,3.713,48.9,0.998615,0.54477,7.3018,5.5969
362.3,101325.0,0.6099,18,9,2.48,39.4,0.99539,0.983093,6.3984,6.2959
342.8,101325.0,0.5856,19,10,1.642,56.9,0.986191,0.717833,3.4617,3.7899
357.0,101325.0,0.3961,19,7,2.959,66.1,0.989625,0.908263,4.077,4.312
342.8,101325.0,0.2143,12,7,3.964,62.8,0.560705,0.990894,6.0044,6.5538
346.3,101325.0,0.6392,17,8,2.039,58.4,0.99414,0.613633,3.8367,4.0794
342.6,101325.0,0.2797,14,7,3.317,55.3,0.621391,0.996494,6.2301,6.7438
360.7,101325.0,0.761,12,3,1.698,53.5,0.99217,0.439923,3.809,1.9232
346.9,101325.0,0.3085,13,7,2.634,50.8,0.619228,0.99244,5.774,6.2009
340.7,101325.0,0.6448,11,5,2.289,38.1,0.976998,0.894867,6.2011,6.5496
341.3,101325.0,0.4579,14,7,2.46,69.8,0.988225,0.771551,3.1752,3.5947
359.8,101325.0,0.6856,13,8,1.702,50.2,0.992597,0.61895,4.085,4.1093
366.1,101325.0,0.5496,19,6,3.509,49.2,0.996869,0.912265,6.9474,5.7777
350.6,101325.0,0.6435,13,7,1.908,53.5,0.992927,0.660207,4.1048,4.2868
353.6,101325.0,0.4295,18,5,3.791,46.6,0.804087,0.999744,8.0466,8.316
344.2,101325.0,0.5784,12,7,2.148,64.4,0.991655,0.650044,3.4029,3.7066
376.9,101325.0,0.7841,14,9,3.711,65.2,0.998275,0.330214,4.9709,1.6593
350.4,101325.0,0.3467,13,5,1.978,37.1,0.547732,0.994132,6.0994,6.4387
371.3,101325.0,0.3437,10,5,2.918,38.8,0.543086,0.970794,7.8116,7.2837
371.0,101325.0,0.3441,14,8,2.798,61.0,0.854105,0.981962,4.6194,4.2579
343.9,101325.0,0.269,20,13,2.795,65.0,0.766847,0.999067,4.2024,4.7157
379.7,101325.0,0.2986,15,5,1.654,48.0,0.524592,0.946225,4.5048,1.1716
378.9,101325.0,0.6198,15,4,3.531,51.5,0.995879,0.734371,6.6666,3.3445
376.6,101325.0,0.4554,11,7,1.593,57.8,0.743993,0.755303,3.4741,0.1628
383.3,101325.0,0.3752,19,8,3.47,40.1,0.62627,0.999839,8.6393,5.2662
358.2,101325.0,0.3582,13,6,2.916,41.6,0.609825,0.995042,7.394,7.6108
355.6,101325.0,0.4267,12,7,1.913,58.1,0.908026,0.920418,3.7692,4.0065
376.8,101325.0,0.5663,19,5,3.038,68.7,0.9836,0.623823,3.8444,0.531
342.2,101325.0,0.5326,18,10,1.664,55.5,0.981211,0.827078,3.6077,3.9844
366.1,101325.0,0.547,13,8,2.19,51.5,0.98148,0.862181,4.708,3.5685
375.4,101325.0,0.3947,18,7,2.257,48.9,0.751513,0.978165,5.2782,2.0126
375.9,101325.0,0.5943,18,6,3.349,32.6,0.881575,0.999628,9.0966,5.8272
376.6,101325.0,0.3678,18,11,3.465,65.1,0.88827,0.911232,4.8299,1.5522
371.7,101325.0,0.4566,12,3,1.638,66.3,0.810917,0.723498,2.7929,0.257
376.3,101325.0,0.2776,12,6,3.635,62.4,0.697668,0.975516,5.5704,3.4164
342.0,101325.0,0.4602,13,5,3.802,41.7,0.785471,0.994554,8.8317,9.2557
384.0,101325.0,0.6332,19,10,2.067,63.5,0.966105,0.558156,3.4175,0.0176
352.5,101325.0,0.4507,11,7,1.805,59.0,0.914875,0.871863,3.5468,3.812
367.0,101325.0,0.5905,14,4,2.47,47.5,0.988716,0.849638,5.5351,3.3136
383.9,101325.0,0.4663,14,7,2.368,33.5,0.697976,0.993594,7.1585,3.776
384.8,101325.0,0.5009,11,7,1.66,31.8,0.707555,0.942303,5.7904,2.3902
368.5,101325.0,0.7937,12,4,1.662,62.5,0.989014,0.323488,3.0329,0.1843
353.0,101325.0,0.3712,13,7,3.09,33.6,0.557362,0.996691,8.8337,9.1176
347.9,101325.0,0.4256,13,5,3.408,30.6,0.611841,0.996789,9.8882,10.2221
373.3,101325.0,0.4619,18,6,1.651,35.4,0.711987,0.994469,5.4628,2.2121
346.5,101325.0,0.7251,17,5,3.955,37.0,0.999247,0.741691,9.4632,9.676
381.1,101325.0,0.2178,17,10,3.856,39.7,0.361083,0.999831,9.6914,6.3462
366.2,101325.0,0.2378,17,10,3.577,48.8,0.46422,0.999755,7.6939,7.8445
349.2,101325.0,0.3524,19,11,3.739,49.8,0.70187,0.999875,7.5995,7.9721
354.2,101325.0,0.7232,11,6,3.711,61.6,0.998649,0.448508,5.4847,5.5662
382.2,101325.0,0.4751,13,8,2.229,48.6,0.847518,0.918773,5.182,1.8288
343.3,101325.0,0.5727,16,10,1.847,43.4,0.985892,0.966222,4.899,5.2596
368.7,101325.0,0.6571,11,3,3.753,35.3,0.980015,0.934691,9.3608,6.1779
376.2,101325.0,0.6782,19,12,3.827,46.2,0.997987,0.694197,7.8747,4.5833
355.5,101325.0,0.4909,17,10,3.803,56.0,0.99713,0.906789,6.4094,6.6211
379.7,101325.0,0.469,10,4,2.01,50.4,0.795788,0.852601,4.702,1.3664
354.0,101325.0,0.5545,13,7,3.709,39.7,0.91406,0.991616,8.7587,8.9641
378.3,101325.0,0.5359,11,7,2.891,68.6,0.97241,0.663902,3.725,0.3959
342.6,101325.0,0.5602,14,7,3.162,52.2,0.996686,0.839496,6.0343,6.3942
348.5,101325.0,0.5369,11,5,3.057,64.4,0.994039,0.715804,4.3833,4.65
369.4,101325.0,0.6987,11,4,3.998,53.9,0.997796,0.557112,6.987,3.7635
352.2,101325.0,0.3179,14,5,2.503,58.1,0.744839,0.989992,4.6594,5.0092
380.3,101325.0,0.2728,13,7,2.976,41.2,0.460435,0.994989,7.6783,4.3406
354.4,101325.0,0.7805,14,5,3.259,60.7,0.998935,0.360925,5.0744,5.128
347.9,101325.0,0.2294,16,6,3.683,61.1,0.587855,0.998813,5.9051,6.3673
361.2,101325.0,0.5711,10,5,1.545,43.0,0.887628,0.848481,4.4969,4.563
364.2,101325.0,0.3728,16,8,3.832,49.7,0.740253,0.999087,7.721,7.8488
344.1,101325.0,0.2832,20,12,1.82,51.7,0.585992,0.999678,4.4162,4.9014
353.9,101325.0,0.4378,13,5,2.685,62.4,0.984751,0.891787,4.2134,4.4724
366.1,101325.0,0.2598,12,4,2.966,69.2,0.767243,0.966055,3.8645,4.0214
352.7,101325.0,0.7748,20,5,2.272,45.4,0.998055,0.493696,5.4172,5.5037
354.3,101325.0,0.4311,13,8,3.784,34.7,0.658346,0.996541,10.0385,10.2769
364.3,101325.0,0.5853,16,10,3.852,51.1,0.997917,0.80956,7.1947,6.3543
385.0,101325.0,0.4644,14,4,3.292,58.6,0.964576,0.888982,5.4262,2.0448
374.7,101325.0,0.7535,17,9,3.833,36.4,0.998892,0.675262,9.3189,6.0473
368.7,101325.0,0.2103,10,6,3.208,55.4,0.442625,0.976733,6.1734,6.2964
378.9,101325.0,0.594,15,8,2.581,58.8,0.981028,0.677182,4.49,1.1593
370.5,101325.0,0.3756,16,7,3.985,43.6,0.66551,0.99942,9.026,8.3896
356.5,101325.0,0.2798,15,4,2.534,37.7,0.448585,0.99912,7.2385,7.5166
359.4,101325.0,0.2937,12,6,2.117,43.4,0.510602,0.989171,5.7668,5.9946
383.1,101325.0,0.2556,12,6,2.703,31.8,0.372219,0.994508,8.3522,4.9732
342.5,101325.0,0.3904,14,8,2.702,52.6,0.814798,0.992037,5.5093,5.9719
375.6,101325.0,0.3907,12,5,2.699,53.2,0.773444,0.945998,5.4715,2.2012
381.5,101325.0,0.2243,18,10,1.792,45.7,0.40508,0.990499,5.002,1.6533
361.0,101325.0,0.67,19,8,3.469,32.9,0.997762,0.997794,9.0541,8.7049
358.4,101325.0,0.532,12,5,3.244,68.0,0.995395,0.686068,4.1204,4.2354
373.5,101325.0,0.604,19,7,3.117,37.3,0.962916,0.999242,7.8856,4.6561
366.1,101325.0,0.4671,18,11,1.719,33.2,0.699052,0.999597,5.8043,5.8421
345.5,101325.0,0.2222,19,11,3.699,68.6,0.706002,0.999246,4.7106,5.224
374.1,101325.0,0.2966,11,6,1.616,33.7,0.437666,0.980927,5.7075,4.553
353.0,101325.0,0.3472,14,5,1.68,39.9,0.57461,0.995339,5.2291,5.5308
359.5,101325.0,0.7926,19,12,1.883,32.3,0.996357,0.634469,5.9205,4.149
345.3,101325.0,0.396,11,6,1.972,56.2,0.81737,0.932396,4.0852,4.4922
375.9,101325.0,0.4362,17,5,2.058,68.1,0.812535,0.740086,3.0639,0.237
377.6,101325.0,0.7545,16,5,3.362,53.5,0.997926,0.457076,6.1506,2.8332
354.7,101325.0,0.3137,15,7,3.095,44.3,0.562255,0.998816,7.4153,7.7113
367.7,101325.0,0.5661,10,3,3.179,67.2,0.990883,0.641234,4.1628,1.9513
375.6,101325.0,0.4364,12,4,2.344,63.3,0.839,0.79702,3.8374,0.5486
347.5,101325.0,0.4435,14,6,3.041,67.6,0.992351,0.819557,3.975,4.3166
364.4,101325.0,0.2019,16,10,3.842,50.0,0.403445,0.999644,7.9887,8.1883
343.2,101325.0,0.5537,16,9,2.576,69.2,0.994141,0.642334,3.3426,3.6713
377.1,101325.0,0.2721,18,8,3.213,40.0,0.453386,0.999828,8.3072,5.6142
349.0,101325.0,0.6481,16,9,3.908,39.1,0.998814,0.898199,9.0619,9.2912
343.4,101325.0,0.2583,16,5,3.304,46.0,0.477943,0.999542,7.6211,8.1241
345.5,101325.0,0.3338,10,5,1.622,57.4,0.670741,0.916263,3.5833,4.0099
348.7,101325.0,0.2202,17,10,3.352,63.9,0.607915,0.998836,5.0806,5.5378
382.8,101325.0,0.2261,14,5,2.768,42.3,0.389677,0.99703,7.1815,3.8148
372.7,101325.0,0.6702,12,7,3.109,60.3,0.994782,0.543496,4.95,1.6856
370.3,101325.0,0.7281,15,8,2.648,42.4,0.996144,0.636034,6.3742,3.148
352.9,101325.0,0.7035,16,9,3.649,61.0,0.998701,0.485235,5.4971,5.6073
346.1,101325.0,0.2544,16,6,2.151,69.6,0.788589,0.978924,3.0204,3.5055
368.8,101325.0,0.3517,17,6,2.928,35.4,0.544303,0.999772,8.2656,8.3087
364.2,101325.0,0.2122,17,10,3.631,48.9,0.415069,0.999796,7.8017,7.9984
350.2,101325.0,0.779,12,5,3.378,63.1,0.998942,0.349619,4.8976,5.0119
359.0,101325.0,0.5383,18,11,1.808,48.4,0.98452,0.937355,4.4063,4.5445
376.1,101325.0,0.7102,15,5,2.299,66.6,0.989116,0.429677,3.3476,0.0403
350.4,101325.0,0.3804,19,6,2.752,47.0,0.717546,0.999783,6.3381,6.6764
340.1,101325.0,0.7871,12,3,1.955,54.6,0.997299,0.38768,4.0687,4.3244
383.0,101325.0,0.2065,17,7,2.035,64.2,0.414919,0.909721,3.5821,0.2106
358.1,101325.0,0.6586,10,5,2.337,65.5,0.994354,0.518247,3.4937,3.546
373.5,101325.0,0.701,12,4,3.795,34.5,0.996734,0.860532,9.5262,6.2818
346.2,101325.0,0.7838,12,7,3.21,44.0,0.998978,0.490063,7.1474,7.3234
350.1,101325.0,0.4222,16,10,3.852,48.0,0.811016,0.999013,7.9264,8.2547
352.2,101325.0,0.3127,11,5,2.69,68.4,0.844408,0.932943,3.6426,3.9921
356.3,101325.0,0.2312,17,10,2.007,52.6,0.486627,0.998975,4.6699,4.9885
343.0,101325.0,0.5213,14,4,1.807,36.7,0.81877,0.99177,5.5749,5.9507
344.3,101325.0,0.4171,13,7,2.969,64.0,0.986564,0.903242,4.3433,4.7621
343.5,101325.0,0.4592,18,6,3.265,62.5,0.995133,0.862331,4.8528,5.2546
381.0,101325.0,0.2127,11,4,2.591,64.1,0.47874,0.936299,4.2269,0.8863
382.9,101325.0,0.6734,12,3,3.741,48.5,0.997253,0.670485,7.4049,4.0329
341.5,101325.0,0.4113,19,11,2.765,68.2,0.989373,0.858257,3.6372,4.0927
363.8,101325.0,0.2398,15,6,2.124,57.5,0.557795,0.995239,4.3185,4.5149
378.5,101325.0,0.7402,11,6,1.536,38.0,0.973174,0.639915,4.793,1.473
364.1,101325.0,0.5001,18,11,3.603,31.1,0.725786,0.999891,10.0964,10.1505
350.1,101325.0,0.6358,17,7,2.586,55.1,0.996654,0.658253,4.8838,5.0765
367.9,101325.0,0.6106,17,10,2.942,41.6,0.994116,0.927801,6.9866,4.051
381.7,101325.0,0.5873,13,8,1.553,69.9,0.930003,0.560273,2.363,1.0149
382.9,101325.0,0.5002,12,7,3.37,31.7,0.727257,0.989009,9.4998,6.1299
378.8,101325.0,0.2492,18,6,3.876,39.5,0.411834,0.999897,9.728,6.4099
361.0,101325.0,0.6656,20,7,2.783,34.9,0.997816,0.954131,7.468,7.2096
360.6,101325.0,0.3941,19,9,3.404,45.1,0.717752,0.999878,7.706,7.8763
341.6,101325.0,0.6659,12,4,3.074,65.5,0.997658,0.508843,4.2623,4.5531
371.3,101325.0,0.541,12,5,2.806,36.0,0.832427,0.97709,7.625,4.4043
366.3,101325.0,0.4535,13,5,2.95,50.0,0.89175,0.984742,6.1176,6.1824
359.9,101325.0,0.2666,18,6,1.599,32.4,0.394308,0.999851,5.8014,6.0283
349.6,101325.0,0.7737,18,11,2.354,30.8,0.998386,0.731115,7.0373,7.1825
350.5,101325.0,0.7344,14,6,2.578,31.7,0.997974,0.833533,7.4103,7.5685
343.4,101325.0,0.524,11,4,3.021,43.7,0.899144,0.959302,7.0026,7.3772
365.5,101325.0,0.4243,10,5,3.717,48.0,0.775869,0.956565,7.7496,7.8254
355.2,101325.0,0.2528,13,5,3.907,60.8,0.635154,0.993717,6.1996,6.5332
363.6,101325.0,0.4994,13,8,1.528,50.4,0.927199,0.921605,3.8579,3.9354
351.6,101325.0,0.5125,11,5,2.943,49.3,0.950047,0.937446,6.1229,6.3835
366.0,101325.0,0.6276,14,8,2.544,44.7,0.99258,0.823929,5.9498,3.6343
382.4,101325.0,0.4465,16,6,3.668,37.4,0.712736,0.999123,9.3203,5.961
373.4,101325.0,0.3707,17,11,2.011,54.1,0.773605,0.971136,4.3681,2.3351
381.9,101325.0,0.718,17,5,1.778,30.7,0.983514,0.881332,5.8558,2.515
347.0,101325.0,0.7367,12,4,3.176,54.1,0.998579,0.485486,5.8115,5.9945
379.8,101325.0,0.502,16,10,3.429,31.9,0.736787,0.99922,9.5864,6.2565
356.4,101325.0,0.2703,19,6,1.55,57.9,0.638567,0.997471,3.4586,3.7628
359.1,101325.0,0.2286,14,5,2.442,52.6,0.478385,0.996491,5.3496,5.6236
383.8,101325.0,0.5974,10,6,1.525,56.3,0.882403,0.62382,3.4238,0.0249
363.7,101325.0,0.2735,16,5,3.683,32.0,0.402115,0.999807,10.509,10.6701
358.1,101325.0,0.2283,18,7,2.787,54.7,0.503526,0.999629,5.6115,5.9045
343.2,101325.0,0.5898,11,3,1.906,40.2,0.930078,0.916375,5.3437,5.6825
340.2,101325.0,0.3372,12,4,2.713,58.9,0.783577,0.974276,4.8156,5.3397
384.6,101325.0,0.7639,19,8,2.436,57.4,0.994848,0.4075,4.4415,1.0423
365.3,101325.0,0.6958,19,12,2.376,53.3,0.992263,0.563952,4.7866,1.7365
366.7,101325.0,0.7485,19,11,1.569,59.3,0.978117,0.409095,3.184,0.0147
379.6,101325.0,0.4757,19,11,2.222,63.3,0.866344,0.750789,3.6797,0.3379
374.8,101325.0,0.3968,17,9,2.767,38.8,0.647735,0.999003,7.4184,4.1504
349.6,101325.0,0.4958,16,7,3.445,51.5,0.995273,0.974644,6.541,6.8522
359.2,101325.0,0.5709,17,8,2.086,57.6,0.991446,0.738668,3.9733,4.0659
364.6,101325.0,0.5179,15,9,3.524,60.6,0.996613,0.793343,5.4066,5.4463
347.6,101325.0,0.4126,12,6,3.28,35.5,0.635351,0.992115,8.8972,9.247
349.0,101325.0,0.6071,17,7,2.893,56.9,0.996961,0.688208,5.089,5.3136
380.7,101325.0,0.7388,14,5,2.425,41.0,0.995171,0.630123,6.1313,2.7869
379.5,101325.0,0.2819,19,10,1.606,36.8,0.444962,0.99814,5.4165,2.0858
379.7,101325.0,0.6067,14,4,3.418,38.3,0.97468,0.986022,8.3069,5.0042
347.8,101325.0,0.58,16,9,1.516,69.4,0.98019,0.596452,2.3435,2.5873
381.9,101325.0,0.2145,12,7,2.792,30.2,0.305609,0.996077,8.7892,5.4291
348.6,101325.0,0.386,12,7,2.482,31.4,0.558964,0.991876,7.7684,8.1103
356.5,101325.0,0.5531,12,3,3.307,44.7,0.971708,0.964712,7.2627,7.4345
369.2,101325.0,0.287,12,7,3.608,60.9,0.710086,0.984635,5.7488,5.8389
361.7,101325.0,0.6401,18,6,3.472,55.1,0.998097,0.651625,6.0885,5.7989
363.8,101325.0,0.3574,20,9,1.666,55.8,0.805156,0.997266,3.7056,3.855
378.9,101325.0,0.4416,10,3,2.205,40.5,0.69371,0.928782,6.0986,2.773
354.5,101325.0,0.5029,19,10,1.806,56.9,0.980267,0.858674,3.6811,3.8927
355.3,101325.0,0.2008,10,3,3.564,40.3,0.327733,0.987237,9.0367,9.3788
383.6,101325.0,0.6145,15,8,2.611,39.8,0.985241,0.946328,6.6098,3.2565
345.4,101325.0,0.3519,10,4,1.81,55.0,0.688063,0.923142,4.0471,4.4664
366.8,101325.0,0.5556,19,10,2.294,36.8,0.878812,0.999473,6.4638,4.8677
364.1,101325.0,0.4224,11,6,1.63,54.7,0.823726,0.909958,3.735,3.8319
343.9,101325.0,0.7142,11,3,2.186,47.1,0.995744,0.602014,5.1131,5.3572
381.6,101325.0,0.5395,14,6,3.003,31.1,0.781135,0.995824,8.7067,5.3578
379.6,101325.0,0.4704,18,5,2.269,67.3,0.866834,0.722221,3.3262,0.0191
381.1,101325.0,0.2929,12,6,2.195,35.8,0.449875,0.988602,6.7429,3.3895
375.8,101325.0,0.5876,13,8,3.128,57.2,0.990876,0.714149,5.3657,2.0759
355.4,101325.0,0.2006,10,5,3.055,33.8,0.2967,0.987619,8.9181,9.2561
376.1,101325.0,0.4753,17,11,3.818,63.4,0.986392,0.819747,5.3605,2.078
354.5,101325.0,0.227,12,6,2.193,54.6,0.484564,0.987165,4.7505,5.0993
384.9,101325.0,0.7677,10,6,2.025,66.5,0.9915,0.345041,3.0772,0.3279
352.3,101325.0,0.6685,15,5,2.641,51.6,0.997331,0.639937,5.3444,5.4892
380.8,101325.0,0.545,15,7,3.136,67.9,0.981863,0.661528,4.0398,0.6813
374.9,101325.0,0.6827,19,12,3.727,41.1,0.998101,0.769285,8.4424,5.173
346.9,101325.0,0.5808,16,7,3.672,56.7,0.99794,0.737756,6.1344,6.4077
346.9,101325.0,0.3902,12,7,1.995,54.1,0.804618,0.961401,4.3233,4.7128
375.2,101325.0,0.5754,19,8,1.789,34.4,0.874296,0.99457,5.6853,2.4239
380.3,101325.0,0.663,20,10,3.299,57.5,0.995609,0.582841,5.5431,2.1932
345.7,101325.0,0.601,12,4,1.895,36.6,0.92333,0.957343,5.6514,5.9515
368.4,101325.0,0.7278,15,7,2.912,65.4,0.995489,0.413821,4.1066,0.8877
367.5,101325.0,0.7345,10,6,3.384,35.9,0.994434,0.729644,8.5278,5.3398
374.6,101325.0,0.3368,16,7,2.401,34.4,0.512993,0.999196,7.2911,5.1149
362.6,101325.0,0.5517,15,7,2.963,45.0,0.989894,0.983771,6.6209,6.7052
352.1,101325.0,0.5293,11,7,2.236,40.5,0.856501,0.9514,6.0022,6.2372
376.6,101325.0,0.7698,12,4,3.981,41.5,0.998841,0.553065,8.8342,5.5349
351.3,101325.0,0.4007,16,8,1.729,67.6,0.941314,0.858408,2.7129,3.0215
377.7,101325.0,0.3971,14,6,1.954,66.5,0.73654,0.773896,3.1454,0.1764
358.8,101325.0,0.2661,15,4,3.036,39.4,0.438646,0.999288,8.0479,8.2976
353.0,101325.0,0.6383,14,5,3.462,41.4,0.99806,0.870962,7.9286,8.1004
371.0,101325.0,0.6182,15,9,1.968,48.3,0.96294,0.750809,4.6875,1.4567
361.2,101325.0,0.664,15,4,1.768,68.8,0.990522,0.484074,2.623,2.2155
375.4,101325.0,0.3926,14,4,2.844,40.9,0.660304,0.994226,7.2983,4.0246
374.3,101325.0,0.4804,13,7,3.258,44.4,0.851477,0.984277,7.3866,4.139
382.9,101325.0,0.3099,19,6,2.755,37.9,0.498916,0.999806,7.6311,4.2579
357.6,101325.0,0.7009,19,10,3.954,31.0,0.999183,0.963112,10.3625,10.4458
348.1,101325.0,0.7437,19,5,2.506,45.6,0.998134,0.559835,5.7832,5.952
371.6,101325.0,0.2763,19,8,3.34,67.1,0.835937,0.998087,4.467,4.5359
358.8,101325.0,0.7939,14,7,1.613,47.4,0.99458,0.428795,4.1708,2.8472
366.5,101325.0,0.7145,19,7,1.573,62.5,0.972901,0.44054,2.9414,0.2566
366.5,101325.0,0.5485,16,5,3.481,67.4,0.995149,0.667534,4.4323,3.0538
359.3,101325.0,0.6469,19,8,3.209,54.8,0.997969,0.642667,5.7689,5.8185
376.3,101325.0,0.792,10,4,2.968,65.1,0.99724,0.318029,4.1999,0.8956
377.9,101325.0,0.7692,18,8,3.023,39.4,0.998073,0.582823,7.3924,4.08
360.1,101325.0,0.2755,12,7,1.655,67.0,0.706382,0.936725,2.797,3.0334
362.9,101325.0,0.6075,15,9,3.423,67.7,0.997109,0.578384,4.3329,3.8674
383.4,101325.0,0.5761,13,4,1.681,65.3,0.91554,0.604276,2.8688,0.5271
380.3,101325.0,0.6425,19,10,3.424,41.1,0.996922,0.865395,7.9032,4.5803
372.9,101325.0,0.6499,18,8,2.822,65.4,0.990875,0.530493,4.0161,0.7465
376.3,101325.0,0.671,14,5,2.115,58.8,0.981622,0.546646,3.9053,0.5992
365.2,101325.0,0.6906,14,4,2.056,30.0,0.972941,0.968122,6.5213,3.6298
359.3,101325.0,0.2962,17,7,2.218,66.9,0.856827,0.981184,3.3203,3.5771
346.5,101325.0,0.7503,13,3,1.721,59.5,0.99534,0.416492,3.3435,3.5244
365.9,101325.0,0.5571,18,11,3.921,55.7,0.997404,0.793079,6.6113,5.4071
343.6,101325.0,0.473,10,6,1.915,35.0,0.695375,0.939981,6.0581,6.4327
375.2,101325.0,0.3427,19,10,2.548,47.9,0.656524,0.998638,5.9414,3.2687
341.6,101325.0,0.7516,15,9,3.433,63.5,0.998856,0.390523,4.9055,5.1542
374.1,101325.0,0.7484,17,8,1.94,34.6,0.991691,0.711459,5.8383,2.5751
342.5,101325.0,0.4718,11,3,3.135,42.9,0.805111,0.971836,7.4248,7.8337
344.3,101325.0,0.7811,14,7,3.6,53.4,0.999197,0.409224,6.4984,6.6985
343.8,101325.0,0.2287,16,9,2.203,32.6,0.339175,0.999706,7.1551,7.6606
378.8,101325.0,0.5058,13,4,3.98,66.9,0.989768,0.73365,5.0073,1.6802
369.5,101325.0,0.7161,18,9,3.888,48.3,0.998391,0.586062,7.6623,4.441
359.3,101325.0,0.4712,17,10,2.624,31.2,0.684736,0.999673,7.9837,8.1238
351.2,101325.0,0.4174,14,8,3.079,65.7,0.990483,0.881787,4.2494,4.5587
358.1,101325.0,0.336,17,5,3.837,41.6,0.575196,0.999794,9.1702,9.3992
376.3,101325.0,0.4747,11,3,2.821,66.1,0.937858,0.762836,3.977,0.6806
360.9,101325.0,0.4045,18,10,2.164,44.4,0.727032,0.999389,5.5993,5.7598
375.0,101325.0,0.685,20,9,2.115,33.2,0.989352,0.927407,6.3214,3.066
354.9,101325.0,0.3062,16,6,3.452,47.6,0.583774,0.999363,7.5657,7.8658
352.6,101325.0,0.4771,18,11,2.234,55.5,0.987687,0.932305,4.3736,4.6404
357.2,101325.0,0.3768,13,7,2.782,36.8,0.593608,0.995543,7.7429,7.9617
358.3,101325.0,0.5514,18,7,3.114,36.9,0.873688,0.999712,8.0676,8.2046
366.2,101325.0,0.5549,18,7,1.917,56.5,0.976905,0.770004,3.865,2.5453
376.0,101325.0,0.4118,10,4,3.782,54.6,0.829115,0.935196,6.7999,3.5267
346.9,101325.0,0.7003,10,4,2.251,50.4,0.994059,0.588796,4.8937,5.0996
359.6,101325.0,0.6757,12,4,2.519,39.9,0.995459,0.805971,6.4166,6.465
361.5,101325.0,0.2306,13,5,3.344,43.2,0.404154,0.99759,8.1414,8.3685
342.4,101325.0,0.7933,18,6,3.35,49.6,0.999194,0.415915,6.6463,6.8687
368.7,101325.0,0.6789,17,5,2.533,67.6,0.98971,0.470068,3.4772,0.2537
375.4,101325.0,0.2358,16,6,1.867,53.9,0.506773,0.995959,4.3219,3.5928
350.2,101325.0,0.7325,14,5,3.053,62.6,0.998406,0.426364,4.596,4.7311
382.7,101325.0,0.6731,11,4,3.388,45.1,0.995522,0.719391,7.3088,3.9434
368.1,101325.0,0.2289,11,4,3.068,56.2,0.501448,0.983512,5.8295,5.9557
343.6,101325.0,0.4343,16,6,3.004,63.5,0.992636,0.886592,4.4367,4.8542
383.8,101325.0,0.3788,13,4,1.958,59.4,0.691453,0.8349,3.8419,0.4493
356.4,101325.0,0.6614,10,5,2.132,55.9,0.991947,0.599371,4.1937,4.2768
383.1,101325.0,0.7565,19,5,1.985,43.8,0.991559,0.545105,5.094,1.7182
341.5,101325.0,0.7421,16,7,3.172,37.4,0.998933,0.687786,7.9178,8.1898
344.7,101325.0,0.5279,14,7,2.628,42.5,0.912016,0.991773,6.4372,6.7967
355.4,101325.0,0.5676,11,3,2.872,52.8,0.99159,0.811439,5.5495,5.7107
381.2,101325.0,0.7413,15,4,2.214,42.2,0.993557,0.604207,5.6385,2.2868
351.5,101325.0,0.4487,11,3,3.896,65.4,0.99172,0.838596,5.1437,5.425
360.2,101325.0,0.6606,16,10,3.399,65.9,0.998016,0.513996,4.5486,4.5684
343.9,101325.0,0.49,19,6,2.675,45.4,0.897123,0.99961,6.2092,6.6019
361.8,101325.0,0.3922,11,6,2.023,63.0,0.882171,0.895561,3.4707,3.6219
382.5,101325.0,0.2308,16,6,3.043,43.6,0.408476,0.999037,7.5214,4.1594
342.9,101325.0,0.679,19,7,1.542,49.5,0.991238,0.639545,3.8983,4.1748
366.6,101325.0,0.7392,14,7,2.617,66.7,0.994386,0.388201,3.6551,0.456
382.6,101325.0,0.6687,17,5,2.556,48.1,0.992029,0.68017,5.6035,2.2352
366.0,101325.0,0.7292,18,6,1.575,46.0,0.976221,0.560781,4.236,1.0518
342.7,101325.0,0.6903,11,4,3.611,63.7,0.998323,0.48523,5.0751,5.3383
383.8,101325.0,0.4321,10,3,2.33,67.0,0.822572,0.760223,3.4457,0.0504
345.1,101325.0,0.7028,13,6,2.278,63.5,0.996606,0.46608,3.6292,3.8516
356.5,101325.0,0.5117,17,9,3.632,37.6,0.819811,0.999631,9.0672,9.2463
363.2,101325.0,0.2294,16,6,2.827,51.4,0.47115,0.99918,6.1026,6.3088
351.2,101325.0,0.2227,19,7,1.788,65.7,0.640074,0.995196,3.0802,3.4976
381.3,101325.0,0.7305,11,5,1.538,65.9,0.978782,0.397974,2.6351,0.7315
349.9,101325.0,0.7494,12,6,3.436,44.7,0.998855,0.559209,7.4372,7.5778
347.2,101325.0,0.2659,11,5,2.356,42.8,0.453859,0.985297,6.3083,6.7428
372.1,101325.0,0.3589,17,7,2.938,34.3,0.546138,0.999745,8.4261,7.2667
353.1,101325.0,0.6161,15,8,1.639,65.1,0.987247,0.58287,2.7992,2.9482
361.8,101325.0,0.4382,15,5,3.586,62.1,0.99468,0.901416,5.2742,5.4123
384.3,101325.0,0.261,14,4,3.165,32.1,0.383797,0.998747,9.3454,5.9511
348.2,101325.0,0.2863,11,4,2.544,44.0,0.498772,0.984118,6.4949,6.9037
380.6,101325.0,0.6929,20,12,2.635,68.9,0.991039,0.441673,3.4331,0.0725
351.1,101325.0,0.2001,11,3,2.746,33.4,0.297123,0.993366,8.2881,8.6961
376.2,101325.0,0.3701,17,8,2.971,51.2,0.751739,0.993646,6.1454,2.875
379.6,101325.0,0.5692,12,7,3.707,41.4,0.950778,0.97087,8.447,5.1414
374.4,101325.0,0.4856,18,9,2.609,58.1,0.93385,0.837671,4.6465,1.3837
368.6,101325.0,0.27,12,3,2.434,62.3,0.672188,0.973377,4.1525,4.2571
351.9,101325.0,0.357,17,8,2.735,47.9,0.684563,0.999283,6.2311,6.5568
371.8,101325.0,0.5171,10,4,1.533,49.2,0.803103,0.778204,4.0478,0.7985
361.7,101325.0,0.6365,18,11,2.939,35.7,0.989254,0.998707,7.6946,7.5071
343.7,101325.0,0.7381,11,5,2.354,34.0,0.994745,0.76012,6.7171,6.9648
352.4,101325.0,0.2086,15,4,3.346,46.7,0.39077,0.999316,7.6509,8.04
356.9,101325.0,0.2916,15,8,1.999,66.3,0.807073,0.970413,3.1772,3.4691
380.8,101325.0,0.2918,15,7,1.964,43.7,0.509402,0.988542,5.4553,2.1122
349.4,101325.0,0.4177,15,9,3.955,47.2,0.789643,0.998368,8.2478,8.5869
344.2,101325.0,0.5147,11,4,1.651,58.2,0.956331,0.802486,3.3897,3.7405
366.7,101325.0,0.2107,10,4,3.018,40.9,0.345588,0.984211,7.8672,8.0165
374.2,101325.0,0.4142,18,7,3.892,53.6,0.889726,0.99743,7.0337,3.7993
349.8,101325.0,0.2263,11,4,3.913,55.0,0.488726,0.988412,7.2422,7.6671
358.2,101325.0,0.4573,14,9,2.487,45.3,0.829885,0.992595,5.9734,6.1575
352.6,101325.0,0.7702,11,3,2.515,32.2,0.996651,0.706636,7.2286,7.3305
379.4,101325.0,0.4154,18,6,2.948,41.9,0.714359,0.999145,7.3144,3.9958
378.8,101325.0,0.7964,12,5,2.397,30.5,0.996656,0.659923,7.1611,3.8448
375.3,101325.0,0.7105,16,4,2.564,66.9,0.992164,0.428858,3.5817,0.2836
365.6,101325.0,0.6355,14,5,3.153,52.9,0.996163,0.685618,5.9337,3.6725
370.4,101325.0,0.7351,14,8,3.541,43.5,0.99829,0.606745,7.7794,4.5506
354.6,101325.0,0.4999,13,7,2.208,46.6,0.914298,0.974952,5.2838,5.5075
346.7,101325.0,0.6806,16,9,1.932,64.8,0.994425,0.489873,3.1319,3.3417
349.3,101325.0,0.7173,16,9,2.473,37.1,0.997891,0.758417,6.6243,6.8015
362.1,101325.0,0.4946,12,6,3.602,38.7,0.79961,0.988525,8.8791,8.977
366.7,101325.0,0.4816,18,7,2.711,67.4,0.989888,0.764247,3.6748,3.2159
377.8,101325.0,0.628,12,5,2.909,64.1,0.99009,0.574792,4.2626,0.9378
358.7,101325.0,0.2988,14,5,3.319,35.5,0.46259,0.99879,9.1475,9.3787
384.9,101325.0,0.3184,12,6,2.168,44.3,0.550605,0.973559,5.744,2.347
378.3,101325.0,0.6118,13,4,2.242,65.6,0.969225,0.57563,3.4025,0.0697
348.2,101325.0,0.3777,20,7,2.591,51.0,0.770577,0.999766,5.5639,5.9438
373.2,101325.0,0.6914,15,6,2.109,46.8,0.987651,0.645363,5.0266,1.7655
364.4,101325.0,0.4538,18,7,3.772,67.8,0.99572,0.803588,4.6617,4.7339
343.9,101325.0,0.6588,11,6,3.931,34.4,0.978042,0.949913,9.8506,10.1519
361.0,101325.0,0.3591,16,10,3.903,48.5,0.696593,0.999267,8.072,8.2542
375.3,101325.0,0.3301,12,4,3.11,53.9,0.689122,0.976966,6.0633,3.5651
367.2,101325.0,0.4884,11,6,3.823,42.5,0.830949,0.975047,8.6834,7.9002
345.3,101325.0,0.7065,17,8,2.871,48.8,0.998257,0.599605,6.0095,6.2369
356.1,101325.0,0.6653,11,7,2.628,39.5,0.991677,0.834633,6.6648,6.7728
343.1,101325.0,0.4726,11,5,1.919,36.0,0.718963,0.965377,5.9532,6.3409
349.2,101325.0,0.6291,13,7,3.967,45.4,0.998303,0.814938,8.223,8.4489
371.4,101325.0,0.3069,14,5,3.67,38.7,0.499828,0.998694,9.3675,9.3784
371.5,101325.0,0.3469,13,7,3.836,66.7,0.961592,0.960019,4.9208,4.2831
362.5,101325.0,0.3807,15,10,2.569,31.6,0.55613,0.999027,7.9417,8.0695
357.0,101325.0,0.5355,16,9,3.863,32.5,0.793083,0.999478,10.3426,10.4964
383.2,101325.0,0.7904,17,6,1.582,67.7,0.98925,0.304473,2.5337,0.8499
371.2,101325.0,0.788,16,6,1.845,47.9,0.992082,0.433976,4.5004,1.2573
340.9,101325.0,0.5397,18,6,2.338,49.9,0.993503,0.91594,5.076,5.4828
377.3,101325.0,0.3026,15,9,1.812,46.0,0.538105,0.973862,4.9495,1.6501
352.2,101325.0,0.7829,16,7,2.831,31.5,0.998953,0.686929,7.9558,8.057
372.9,101325.0,0.7613,17,5,2.614,69.1,0.994891,0.343156,3.3885,0.1194
348.4,101325.0,0.7697,19,10,3.003,69.0,0.998576,0.333128,3.7624,3.905
384.2,101325.0,0.253,12,7,1.684,43.8,0.42563,0.968502,4.9687,1.5792
343.4,101325.0,0.6846,17,9,2.372,55.4,0.996884,0.566805,4.5614,4.8229
377.6,101325.0,0.3957,18,5,3.471,33.7,0.596755,0.999847,9.5989,6.29
365.8,101325.0,0.763,17,10,2.291,58.7,0.994197,0.399665,4.1248,0.9375
372.7,101325.0,0.7384,12,4,3.191,56.3,0.997199,0.462479,5.5545,2.2912
361.8,101325.0,0.4182,16,10,3.014,57.3,0.967714,0.99124,5.2307,5.3946
358.5,101325.0,0.7442,10,5,2.696,33.7,0.992537,0.744343,7.4393,7.4683
356.1,101325.0,0.6661,17,5,1.848,36.7,0.99408,0.899608,5.4712,5.5862
382.7,101325.0,0.6755,10,5,2.42,47.2,0.986471,0.672369,5.4892,2.1191
355.6,101325.0,0.2685,15,9,2.056,47.3,0.507508,0.997794,5.266,5.5722
353.3,101325.0,0.6693,12,7,2.631,40.7,0.995795,0.806436,6.5322,6.6774
355.8,101325.0,0.2633,13,8,2.686,41.1,0.444686,0.996641,7.1401,7.4404
350.6,101325.0,0.2375,12,7,3.228,57.6,0.546377,0.989867,5.8381,6.2474
346.4,101325.0,0.5221,11,3,3.939,66.4,0.996091,0.71775,5.0342,5.3394
341.0,101325.0,0.627,13,6,3.009,37.0,0.981928,0.977246,7.685,8.0498
373.7,101325.0,0.7296,20,10,2.934,50.3,0.996733,0.534346,5.9304,2.6591
378.0,101325.0,0.6406,20,7,3.994,70.0,0.995792,0.511625,4.5452,1.2141
382.6,101325.0,0.7446,11,4,3.454,34.0,0.996837,0.745063,8.9161,5.5585
376.1,101325.0,0.7481,14,6,1.758,35.0,0.987391,0.696293,5.4484,2.1611
384.5,101325.0,0.5767,15,8,1.696,53.3,0.890643,0.698369,3.9007,0.4988
378.7,101325.0,0.3043,16,5,2.864,56.4,0.670998,0.979175,5.4045,2.1003
371.4,101325.0,0.6608,18,8,2.536,52.0,0.991124,0.644113,5.1543,1.9123
354.1,101325.0,0.4023,12,4,3.084,31.2,0.581613,0.993107,9.1147,9.3638
349.3,101325.0,0.6543,15,9,2.121,67.8,0.99459,0.507312,3.0496,3.2332
377.8,101325.0,0.5828,12,6,3.886,33.0,0.863246,0.986585,10.1928,6.8975
358.0,101325.0,0.6201,20,5,2.459,68.7,0.995139,0.550769,3.285,3.3562
371.0,101325.0,0.2208,13,8,1.901,43.2,0.385269,0.995447,5.4446,5.5194
355.5,101325.0,0.5389,20,9,1.826,66.8,0.983929,0.682281,2.8536,3.009
362.6,101325.0,0.3912,19,7,2.292,65.6,0.973377,0.914079,3.452,3.6009
363.6,101325.0,0.2939,11,4,2.603,66.1,0.764218,0.947306,3.866,4.0411
372.0,101325.0,0.6923,11,4,2.918,32.1,0.978478,0.912989,8.1006,4.8762
370.7,101325.0,0.6136,18,8,1.996,59.9,0.958769,0.617476,3.6732,0.4326
360.9,101325.0,0.6577,16,5,2.35,58.4,0.995903,0.583211,4.2277,4.145
344.2,101325.0,0.2054,11,4,3.79,40.7,0.342037,0.99368,9.4126,9.9299
362.0,101325.0,0.6215,12,3,2.254,50.0,0.993027,0.750029,4.9389,4.793
362.6,101325.0,0.5393,13,8,3.0,65.6,0.995119,0.699726,4.175,4.2239
374.2,101325.0,0.4136,17,11,2.661,31.6,0.60445,0.999505,8.1014,4.8324
382.6,101325.0,0.7527,20,5,3.922,56.9,0.998427,0.433431,6.4321,3.0558
380.8,101325.0,0.5193,17,9,1.823,61.3,0.854073,0.692051,3.4071,0.0449
348.3,101325.0,0.3693,17,5,3.887,46.5,0.689991,0.999665,8.3658,8.7403
352.5,101325.0,0.6296,16,4,3.217,42.9,0.998048,0.860809,7.3014,7.4837
354.4,101325.0,0.2839,14,8,3.041,64.0,0.770034,0.989547,4.6004,4.9378
348.9,101325.0,0.6862,11,7,3.262,62.3,0.997931,0.502439,4.8723,5.0489
376.8,101325.0,0.7558,13,5,2.509,46.7,0.995905,0.518238,5.6739,2.3689
352.0,101325.0,0.7222,17,6,3.853,53.9,0.999023,0.514563,6.7825,6.9006
372.0,101325.0,0.7236,11,3,3.911,32.1,0.995326,0.851103,10.1173,6.8887
384.8,101325.0,0.6394,13,4,1.558,51.2,0.922632,0.630557,3.8441,0.439
380.8,101325.0,0.6121,14,5,2.387,58.5,0.978156,0.64758,4.2803,0.9251
346.6,101325.0,0.2573,15,5,3.014,56.1,0.583269,0.99778,5.7151,6.1784
347.6,101325.0,0.4168,13,3,3.658,57.2,0.949402,0.981684,6.1069,6.4884
341.1,101325.0,0.4739,19,6,3.881,62.0,0.997002,0.846755,5.6255,6.0529
377.2,101325.0,0.3792,10,3,1.767,67.2,0.700731,0.777738,2.8997,0.4165
349.7,101325.0,0.5945,16,9,3.428,64.3,0.997501,0.62925,4.794,5.0075
347.8,101325.0,0.4414,16,7,2.494,36.6,0.695696,0.999099,7.0824,7.4194
362.3,101325.0,0.3632,15,6,2.855,40.2,0.606476,0.998686,7.4563,7.6047
373.1,101325.0,0.5792,11,7,2.915,64.2,0.985026,0.6471,4.2618,0.9956
362.4,101325.0,0.2018,12,7,3.543,31.7,0.294299,0.997495,10.3096,10.5327
349.8,101325.0,0.238,10,5,3.168,66.8,0.628327,0.955994,4.4637,4.886
382.2,101325.0,0.5046,19,9,1.803,42.0,0.832901,0.948769,5.0887,1.7366
363.1,101325.0,0.378,16,7,1.539,62.2,0.882242,0.928434,2.978,3.1216
361.4,101325.0,0.6345,13,3,2.468,52.8,0.995814,0.688492,4.9659,4.9732
349.5,101325.0,0.3135,18,9,2.179,63.2,0.840827,0.99354,3.6568,4.0606
378.1,101325.0,0.4097,14,9,2.359,44.4,0.7225,0.982002,5.9484,2.6453
362.6,101325.0,0.6053,10,6,3.309,69.4,0.995849,0.566901,4.0001,3.7445
384.1,101325.0,0.3104,12,6,1.714,31.5,0.446526,0.98562,6.1132,2.7176
347.2,101325.0,0.5526,16,5,3.855,37.7,0.886504,0.999171,9.3781,9.6837
368.9,101325.0,0.5587,12,4,2.669,68.4,0.981326,0.636547,3.5282,0.8519
356.7,101325.0,0.4649,10,5,1.527,35.3,0.680015,0.929374,5.2386,5.4158
378.5,101325.0,0.3673,15,6,2.199,45.3,0.658714,0.984582,5.6227,2.3127
356.3,101325.0,0.4399,15,8,1.621,41.8,0.751784,0.994347,4.8374,5.0515
346.6,101325.0,0.3565,17,9,1.641,52.3,0.743136,0.996126,4.0002,4.4142
365.8,101325.0,0.5025,13,4,2.878,50.8,0.978382,0.958448,5.8098,5.5072
376.7,101325.0,0.4778,15,6,2.515,52.5,0.909702,0.912973,5.1543,1.8734
352.8,101325.0,0.5927,18,10,2.7,67.1,0.995635,0.604864,3.6931,3.8585
369.8,101325.0,0.6378,19,7,3.57,65.6,0.995105,0.549566,4.77,1.5368
342.5,101325.0,0.5302,12,7,3.995,47.7,0.981616,0.964676,7.9494,8.3445
340.9,101325.0,0.7979,10,4,2.334,42.4,0.99717,0.472806,5.8242,6.0682
349.2,101325.0,0.5743,18,6,3.331,57.4,0.997394,0.73971,5.5953,5.8378
348.0,101325.0,0.68,12,6,3.86,49.5,0.998588,0.645024,7.4412,7.6445
381.8,101325.0,0.6675,16,7,3.197,49.3,0.996096,0.670426,6.455,3.0954
340.7,101325.0,0.3078,16,6,2.896,59.5,0.75573,0.99709,5.0008,5.5375
368.2,101325.0,0.24,16,7,1.782,58.5,0.570801,0.99467,3.7498,3.8745
355.2,101325.0,0.4865,15,5,2.358,58.2,0.988953,0.874359,4.2646,4.4767
352.9,101325.0,0.314,16,5,3.893,58.8,0.759985,0.99849,6.3849,6.7289
355.3,101325.0,0.3089,12,6,2.728,40.0,0.509819,0.992478,7.3121,7.5955
340.7,101325.0,0.6208,20,8,3.781,37.6,0.995236,0.999627,9.0044,9.368
350.8,101325.0,0.5428,12,6,2.063,53.2,0.982999,0.844459,4.3607,4.6071
375.9,101325.0,0.7394,16,7,2.84,38.9,0.997222,0.665559,7.1157,3.8289
379.8,101325.0,0.353,14,7,2.644,69.6,0.753125,0.821768,3.5123,0.1725
373.7,101325.0,0.7553,17,5,3.474,56.6,0.997998,0.430797,5.8879,2.6133
357.4,101325.0,0.6633,18,12,2.003,62.2,0.994236,0.537815,3.4449,3.5074
349.5,101325.0,0.4234,11,4,3.321,62.4,0.97308,0.907843,4.9527,5.2889
371.9,101325.0,0.2074,14,4,3.296,44.3,0.371403,0.998807,7.9142,7.9822
379.0,101325.0,0.3287,19,9,2.325,44.2,0.587683,0.998249,6.0144,2.6973
361.5,101325.0,0.7617,17,7,1.646,36.5,0.99135,0.637826,5.1022,2.7807
340.4,101325.0,0.5718,14,7,3.287,63.7,0.997025,0.670518,4.7198,5.0847
384.5,101325.0,0.3008,11,3,3.667,35.3,0.459385,0.989865,9.918,6.5208
343.3,101325.0,0.6266,11,4,2.706,62.9,0.995847,0.591191,4.1711,4.461
382.3,101325.0,0.7094,13,7,2.73,44.6,0.995455,0.645922,6.2695,2.9053
344.1,101325.0,0.4117,20,10,2.526,69.5,0.985697,0.840191,3.2697,3.682
372.4,101325.0,0.3063,12,6,2.779,52.1,0.623617,0.985435,5.8425,5.4083
362.2,101325.0,0.6371,14,4,1.988,35.0,0.968658,0.978579,5.9261,5.4148
358.5,101325.0,0.4661,16,9,1.685,51.6,0.937026,0.975593,3.9906,4.1749
363.9,101325.0,0.3155,11,7,3.085,47.5,0.585055,0.982428,6.9542,7.1022
355.0,101325.0,0.6362,12,5,1.726,56.5,0.989563,0.635857,3.6023,3.7196
372.1,101325.0,0.2761,15,10,3.614,58.1,0.655676,0.997638,6.2145,6.2604
345.4,101325.0,0.7327,13,5,2.267,52.9,0.997303,0.502891,4.6667,4.8752
361.9,101325.0,0.7935,10,5,2.758,48.4,0.997226,0.423695,5.881,2.7968
369.9,101325.0,0.5342,18,9,3.645,31.6,0.780913,0.999821,10.0302,7.251
365.1,101325.0,0.5183,11,6,2.602,30.8,0.737775,0.974805,7.9212,7.7016
375.0,101325.0,0.5672,17,10,2.927,52.0,0.987963,0.821194,5.7281,2.4603
364.8,101325.0,0.4685,17,6,2.391,60.6,0.988071,0.869329,4.06,4.1301
367.5,101325.0,0.2248,17,11,3.87,46.2,0.417706,0.999838,8.636,8.7697
356.7,101325.0,0.7403,18,7,3.266,57.4,0.998722,0.451491,5.5098,5.5485
367.7,101325.0,0.242,12,4,2.342,50.7,0.479826,0.989259,5.4016,5.525
359.8,101325.0,0.2973,20,12,3.968,56.7,0.686475,0.999899,6.8864,7.1241
379.4,101325.0,0.6866,13,5,1.832,68.4,0.979767,0.44884,2.7242,0.623
344.5,101325.0,0.7924,11,6,3.407,49.8,0.999002,0.415862,6.7069,6.9002
359.7,101325.0,0.7718,19,8,3.164,55.1,0.99856,0.412983,5.6686,4.1846
354.1,101325.0,0.7944,14,4,1.568,44.9,0.995932,0.452914,4.2925,4.3494
343.6,101325.0,0.5796,10,3,3.505,32.1,0.831305,0.952822,9.5773,9.9069
361.5,101325.0,0.2927,19,11,1.644,51.0,0.596518,0.999203,4.1954,4.3998
348.7,101325.0,0.2013,10,6,3.183,65.9,0.526209,0.966824,4.6552,5.1144
383.6,101325.0,0.4891,17,9,3.413,62.7,0.979521,0.802652,5.0111,1.6344
369.3,101325.0,0.3276,15,8,3.313,55.7,0.735652,0.996934,6.0738,6.1438
360.0,101325.0,0.2095,14,8,3.567,52.0,0.434653,0.998333,7.2157,7.4847
365.9,101325.0,0.755,20,5,3.563,39.6,0.998652,0.616631,8.356,5.1791
365.1,101325.0,0.3291,11,5,3.894,66.1,0.886035,0.95652,5.1444,5.2869
345.3,101325.0,0.7256,13,7,3.611,38.8,0.998901,0.705489,8.5553,8.7822
381.2,101325.0,0.6325,10,5,1.775,50.2,0.942674,0.675204,4.2389,0.8809
358.3,101325.0,0.6139,11,6,3.084,58.0,0.996189,0.66293,5.2033,5.2832
345.2,101325.0,0.4924,18,11,2.618,36.3,0.772848,0.999733,7.2849,7.6401
362.8,101325.0,0.7656,10,3,1.993,54.7,0.992135,0.422005,4.1165,1.0891
378.2,101325.0,0.5803,17,5,2.494,40.1,0.960882,0.988139,6.3961,3.1107
349.7,101325.0,0.2298,13,3,2.761,53.3,0.486092,0.994755,5.7549,6.1795
382.5,101325.0,0.5065,17,4,2.082,57.8,0.879686,0.765966,4.0376,0.6637
354.2,101325.0,0.7726,19,11,3.248,37.1,0.999129,0.611461,8.1003,8.1724
361.9,101325.0,0.2904,19,8,1.662,63.8,0.777278,0.985856,3.0439,3.257
349.9,101325.0,0.648,16,9,2.705,39.6,0.997412,0.884965,6.7866,7.001
380.5,101325.0,0.2334,10,3,2.015,42.4,0.380538,0.966485,5.7401,2.3984
383.4,101325.0,0.7717,12,6,3.804,69.7,0.997962,0.326661,4.4139,1.0261
358.5,101325.0,0.5629,18,5,2.726,31.6,0.822846,0.999765,7.9909,8.1108
377.0,101325.0,0.745,19,12,2.697,35.9,0.997043,0.705026,7.1874,3.8912
349.7,101325.0,0.4312,16,5,2.241,45.0,0.782179,0.997771,5.6263,5.9516
356.9,101325.0,0.464,15,9,1.896,35.9,0.722257,0.997119,5.9127,6.0995
356.7,101325.0,0.7533,19,7,1.576,47.0,0.994628,0.518835,4.143,4.1805
379.8,101325.0,0.4948,14,5,2.008,60.9,0.856815,0.737628,3.6662,0.3203
369.1,101325.0,0.2219,14,6,2.211,65.8,0.619227,0.984613,3.5464,3.669
348.1,101325.0,0.3603,12,3,2.483,36.8,0.564801,0.990907,7.1543,7.5219
355.7,101325.0,0.3067,17,10,3.506,39.6,0.507663,0.999819,8.899,9.1779
384.7,101325.0,0.6046,17,11,2.11,52.3,0.961743,0.721135,4.5328,1.137
375.6,101325.0,0.218,16,7,1.953,54.6,0.47657,0.997001,4.3967,3.9061
373.1,101325.0,0.4926,17,5,3.735,44.1,0.880171,0.998667,8.2162,4.9878
375.1,101325.0,0.5306,12,6,3.157,36.7,0.827389,0.981297,8.2442,4.9792
372.4,101325.0,0.3484,14,5,3.068,65.5,0.925323,0.955492,4.3197,3.2115
352.0,101325.0,0.7211,12,5,2.718,51.9,0.997879,0.535414,5.423,5.5429
351.8,101325.0,0.3339,13,5,1.816,39.3,0.545614,0.993097,5.5671,5.8929
380.4,101325.0,0.5592,12,5,2.406,55.1,0.960803,0.768061,4.6738,1.3325
370.6,101325.0,0.5741,16,6,3.735,61.5,0.994146,0.688854,5.5324,2.3003
351.8,101325.0,0.6276,18,6,2.352,46.5,0.995975,0.796214,5.4403,5.626
372.8,101325.0,0.5639,19,10,2.815,68.0,0.978696,0.631299,3.7171,0.4515
377.0,101325.0,0.4144,12,7,2.688,49.8,0.78148,0.955627,5.8442,2.557
370.2,101325.0,0.793,15,8,3.498,67.5,0.998094,0.305749,4.4327,1.1962
350.7,101325.0,0.4849,14,8,3.26,65.0,0.995026,0.789783,4.5241,4.7923
352.1,101325.0,0.5297,16,10,3.427,65.4,0.996575,0.717301,4.6461,4.8623
370.1,101325.0,0.2051,19,7,1.777,49.5,0.405851,0.999706,4.6267,4.7294
381.4,101325.0,0.7595,12,4,3.688,36.3,0.998463,0.659841,9.0543,5.7058
341.9,101325.0,0.2851,15,7,2.731,38.1,0.460079,0.999183,7.5853,8.0901
367.1,101325.0,0.3598,12,5,1.84,32.8,0.530247,0.989409,6.2259,6.2889
374.3,101325.0,0.283,11,5,3.432,64.5,0.730185,0.963123,5.0056,4.0111
372.2,101325.0,0.3723,19,6,3.401,46.8,0.699635,0.999796,7.4816,6.0703
349.3,101325.0,0.3107,13,4,2.082,59.7,0.736682,0.976853,3.9477,4.3442
346.1,101325.0,0.2861,17,8,3.869,49.8,0.569637,0.999713,7.9397,8.3902
357.4,101325.0,0.5142,13,6,2.914,60.4,0.994001,0.800369,4.704,4.8578
356.0,101325.0,0.3819,18,7,1.652,54.9,0.83912,0.99369,3.7398,4.0021
357.0,101325.0,0.2374,17,5,2.13,55.4,0.53063,0.998665,4.5538,4.8606
383.6,101325.0,0.2275,16,7,1.562,68.4,0.444858,0.872917,2.6625,0.7222
347.5,101325.0,0.7013,14,8,2.877,31.7,0.997215,0.936346,8.0309,8.2588
355.9,101325.0,0.7584,12,7,1.53,43.4,0.993847,0.548657,4.3461,4.3951
344.9,101325.0,0.2569,13,5,1.612,34.9,0.39243,0.995907,5.6156,6.0875
345.1,101325.0,0.7521,14,7,3.538,52.2,0.999035,0.47402,6.5761,6.7795
375.4,101325.0,0.7786,13,5,2.474,61.1,0.995527,0.359509,4.1,0.8057
374.0,101325.0,0.7743,14,4,2.876,68.6,0.996395,0.327358,3.6918,0.4113
351.7,101325.0,0.313,12,7,2.363,44.6,0.556045,0.988897,6.0611,6.4032
375.5,101325.0,0.3396,13,3,3.627,33.1,0.506226,0.997176,10.1227,7.2765
344.5,101325.0,0.4511,13,8,2.069,66.4,0.977218,0.815125,3.1407,3.5223
361.9,101325.0,0.775,20,10,3.203,56.0,0.998154,0.400335,5.6075,2.8419
375.6,101325.0,0.6063,18,6,3.813,52.3,0.996496,0.749577,6.9638,3.6816
344.6,101325.0,0.6477,15,8,3.647,40.3,0.998565,0.872103,8.4114,8.702
358.6,101325.0,0.7085,19,7,1.659,65.5,0.992891,0.441293,2.7848,2.806
378.6,101325.0,0.3894,12,4,3.525,63.3,0.903772,0.908825,5.1325,1.8298
364.8,101325.0,0.3174,16,5,3.476,51.3,0.650758,0.999061,7.0115,7.1527
350.0,101325.0,0.2993,12,6,2.332,42.2,0.511003,0.990662,6.295,6.6685
365.4,101325.0,0.7302,12,6,2.204,55.9,0.991761,0.476147,4.2903,1.1085
343.3,101325.0,0.7985,13,8,3.991,55.0,0.999375,0.365852,6.8084,7.0141
364.4,101325.0,0.5811,14,5,1.644,40.4,0.947445,0.959316,4.829,4.0177
357.8,101325.0,0.2671,16,10,2.13,45.7,0.49104,0.998981,5.5662,5.8365
361.8,101325.0,0.726,19,11,3.734,44.6,0.99879,0.612847,7.9513,6.0987
346.7,101325.0,0.3074,18,11,3.269,52.3,0.644103,0.999688,6.5556,6.9899
370.0,101325.0,0.6918,15,4,2.649,32.1,0.99404,0.947603,7.5195,4.3238
379.3,101325.0,0.4769,20,5,1.589,59.5,0.769613,0.722342,3.3161,0.03
341.3,101325.0,0.5609,12,8,3.923,46.7,0.992833,0.932145,7.9655,8.3575
354.1,101325.0,0.3911,16,8,3.207,30.1,0.559368,0.999661,9.5633,9.8173
354.4,101325.0,0.2048,19,12,1.657,50.9,0.416737,0.999642,4.3004,4.6623
352.6,101325.0,0.3729,11,7,2.2,59.1,0.819325,0.936045,4.1061,4.4144
359.9,101325.0,0.3579,12,7,2.184,30.7,0.512875,0.991929,7.2109,7.3888
375.7,101325.0,0.5234,19,8,3.256,67.5,0.981488,0.697161,4.2091,0.9149
376.5,101325.0,0.741,10,3,1.594,34.8,0.967675,0.683689,5.1615,1.8667
360.6,101325.0,0.723,12,8,2.194,42.9,0.995672,0.639926,5.533,4.4352
344.4,101325.0,0.6773,15,9,3.962,30.6,0.974868,0.997476,10.4937,10.7827
368.0,101325.0,0.2934,18,6,3.858,65.5,0.847715,0.998556,5.2327,5.353
363.3,101325.0,0.5606,19,6,2.351,63.6,0.992816,0.686768,3.7028,3.7305
349.1,101325.0,0.5211,14,5,3.384,60.5,0.996388,0.789213,5.2528,5.5281
370.5,101325.0,0.2579,14,6,2.022,61.7,0.648469,0.984543,3.724,3.8043
353.7,101325.0,0.7314,13,5,2.311,31.0,0.99644,0.858589,6.9299,7.0449
379.5,101325.0,0.4682,11,4,3.232,64.2,0.960035,0.80607,4.631,1.3032
375.1,101325.0,0.321,15,4,2.666,36.1,0.50161,0.998693,7.6641,5.461
371.5,101325.0,0.5603,19,11,3.879,63.7,0.993856,0.686764,5.3752,2.1317
376.6,101325.0,0.3986,11,4,2.843,54.1,0.788891,0.932532,5.5616,2.2778
352.3,101325.0,0.5584,15,5,3.643,56.8,0.997604,0.775644,6.0826,6.2906
377.0,101325.0,0.4701,12,5,3.359,57.0,0.961274,0.900459,5.7278,2.4461
355.0,101325.0,0.3198,10,4,1.81,54.3,0.623372,0.935691,4.145,4.4305
365.6,101325.0,0.7322,12,3,3.076,38.9,0.997198,0.684033,7.5531,4.3831
340.3,101325.0,0.3821,18,10,1.99,68.9,0.960696,0.879062,2.8419,3.3333
366.7,101325.0,0.214,19,7,2.798,69.7,0.699234,0.996938,3.6775,3.8524
358.1,101325.0,0.6502,16,6,2.512,31.7,0.951039,0.997927,7.3453,7.4437
378.4,101325.0,0.6734,12,6,3.409,33.7,0.987531,0.944515,8.8839,5.591
369.0,101325.0,0.6768,15,7,1.924,60.6,0.97626,0.517899,3.5096,0.2853
365.8,101325.0,0.5821,17,9,2.168,43.9,0.987495,0.935964,5.4013,3.885
361.4,101325.0,0.6094,12,5,3.127,41.5,0.990655,0.927959,7.3325,7.3983
373.6,101325.0,0.6343,13,4,3.706,33.1,0.942757,0.989103,9.6569,6.4199
374.7,101325.0,0.7739,11,7,2.862,48.2,0.997284,0.466167,6.0671,2.7851
360.4,101325.0,0.7683,17,6,3.461,60.0,0.998585,0.385223,5.4102,3.5579
370.9,101325.0,0.646,12,6,2.733,59.5,0.990854,0.588731,4.5915,1.3495
345.4,101325.0,0.5833,12,7,2.679,67.2,0.995088,0.617691,3.6614,3.942
374.1,101325.0,0.4525,17,8,3.097,55.2,0.949261,0.950691,5.6226,2.3844
371.3,101325.0,0.5842,15,6,3.867,42.1,0.993212,0.978411,8.5538,5.3523
363.5,101325.0,0.2367,20,9,3.083,67.6,0.728318,0.998924,4.2099,4.4267
345.2,101325.0,0.6797,20,13,1.564,64.7,0.990751,0.490008,2.7488,2.9805
354.8,101325.0,0.5868,20,7,2.657,36.9,0.929887,0.999861,7.0961,7.2751
358.9,101325.0,0.5476,16,9,3.54,33.4,0.821888,0.999331,9.4819,9.6041
365.7,101325.0,0.2536,11,4,1.999,39.8,0.411637,0.985441,5.9536,6.0957
365.8,101325.0,0.3557,16,8,3.446,58.2,0.847172,0.997274,5.8028,5.9251
379.7,101325.0,0.5444,16,9,1.525,35.0,0.816967,0.961793,5.1511,1.8263
383.3,101325.0,0.3095,16,6,2.15,33.0,0.461345,0.998791,6.9309,3.5483
363.6,101325.0,0.6937,18,7,1.665,43.8,0.98448,0.679399,4.5547,2.3342
341.3,101325.0,0.7832,11,4,3.874,47.0,0.999119,0.460283,7.8312,8.075
371.0,101325.0,0.393,15,6,1.699,56.0,0.823052,0.944898,3.7234,2.5842
350.0,101325.0,0.2505,16,8,3.105,54.6,0.550553,0.998994,6.0666,6.4783
355.2,101325.0,0.4497,12,4,2.197,48.9,0.847712,0.966216,5.1005,5.3334
341.9,101325.0,0.6596,16,6,2.085,53.6,0.995288,0.630995,4.3431,4.6422
357.2,101325.0,0.3716,18,9,1.886,69.7,0.937641,0.874467,2.685,2.9188
353.4,101325.0,0.3746,15,9,3.012,44.0,0.667646,0.998366,7.2107,7.4999
377.1,101325.0,0.7959,16,6,2.949,31.9,0.998461,0.636527,8.1539,4.8556
344.6,101325.0,0.7946,10,6,3.994,45.2,0.998845,0.453024,8.297,8.4896
345.8,101325.0,0.278,13,7,2.729,57.2,0.636835,0.990497,5.1429,5.6084
367.5,101325.0,0.5269,11,4,2.186,30.4,0.742702,0.967169,7.0417,5.5239
356.9,101325.0,0.2267,12,5,2.07,32.4,0.333037,0.995164,6.8808,7.1787
346.4,101325.0,0.4367,11,6,2.596,43.8,0.752948,0.969077,6.4077,6.7725
347.4,101325.0,0.6385,15,4,2.273,45.4,0.995761,0.791156,5.4215,5.6664
363.5,101325.0,0.2496,17,8,1.61,66.8,0.702097,0.975293,2.7679,2.9707
381.9,101325.0,0.6714,12,6,3.327,69.6,0.994413,0.469686,3.9918,0.6153
379.2,101325.0,0.4541,18,7,3.326,63.2,0.963543,0.842544,4.8626,1.5444
358.8,101325.0,0.6495,10,5,1.724,66.9,0.988329,0.518142,2.7397,2.7848
359.4,101325.0,0.5348,16,6,2.178,54.0,0.990569,0.853444,4.44,4.5612
344.1,101325.0,0.3944,11,4,3.957,47.1,0.728964,0.981361,8.3441,8.7689
347.3,101325.0,0.5885,14,5,2.439,56.3,0.994883,0.726934,4.5601,4.8225
369.4,101325.0,0.6086,16,5,2.838,49.3,0.991464,0.785133,5.9088,2.7025
350.4,101325.0,0.6589,19,6,2.2,38.7,0.996235,0.875454,5.9504,6.1508
370.8,101325.0,0.6357,17,6,3.188,65.2,0.993134,0.555077,4.424,1.1796
373.6,101325.0,0.4722,11,3,2.265,39.1,0.744398,0.951759,6.3126,3.0567
358.6,101325.0,0.2402,18,11,2.844,69.4,0.774281,0.995284,3.7173,4.0144
380.1,101325.0,0.5034,14,6,2.643,43.6,0.876271,0.97893,6.3824,3.0655
371.2,101325.0,0.2406,10,6,2.347,38.2,0.376244,0.978845,6.8389,6.8949
355.9,101325.0,0.2896,15,7,3.406,41.4,0.493661,0.999239,8.4537,8.7395
341.8,101325.0,0.5759,14,9,2.775,63.1,0.995822,0.669664,4.2259,4.5683
369.9,101325.0,0.4504,19,10,2.732,32.5,0.66721,0.999896,8.0854,6.5779
374.3,101325.0,0.3614,18,8,2.525,33.6,0.544161,0.99977,7.6243,5.1899
344.2,101325.0,0.4333,14,9,2.456,58.8,0.976304,0.947209,4.3376,4.7571
382.1,101325.0,0.7014,14,4,1.969,56.7,0.982203,0.51304,3.9115,0.5387
375.0,101325.0,0.2952,16,6,3.001,69.2,0.839336,0.946989,3.853,2.2293
381.4,101325.0,0.2024,12,5,1.966,34.2,0.303709,0.992517,6.4813,3.1305
384.2,101325.0,0.2922,17,6,2.498,54.2,0.610285,0.976588,5.1794,1.801
357.7,101325.0,0.7615,16,7,3.196,69.5,0.998623,0.342561,3.8802,3.8913
364.0,101325.0,0.5706,19,6,1.798,61.7,0.983215,0.685527,3.2598,2.7923
371.8,101325.0,0.6874,13,5,2.445,44.1,0.992555,0.699404,5.8463,2.6059
344.6,101325.0,0.3502,10,5,1.764,38.5,0.542187,0.956479,5.5383,5.961
367.7,101325.0,0.2754,18,8,3.489,60.6,0.697923,0.999308,5.653,5.7761
360.3,101325.0,0.2821,18,9,1.52,57.5,0.657835,0.995615,3.4418,3.6774
376.5,101325.0,0.5736,16,4,1.897,38.9,0.911183,0.956633,5.4629,2.1867
348.6,101325.0,0.3459,10,4,1.899,39.2,0.542238,0.958623,5.7427,6.1068
368.1,101325.0,0.7389,18,9,2.847,37.5,0.997374,0.691888,7.2918,4.0948
382.7,101325.0,0.7141,12,7,2.497,48.6,0.993721,0.58163,5.4555,2.0823
379.4,101325.0,0.4547,13,6,3.152,32.4,0.66996,0.994422,9.0053,5.6756
361.3,101325.0,0.3116,15,5,1.794,59.0,0.738376,0.984969,3.6401,3.8472
366.9,101325.0,0.72,13,4,2.079,65.2,0.987398,0.422722,3.2565,0.0539
352.7,101325.0,0.4933,11,6,2.72,49.6,0.921515,0.941809,5.7749,6.0266
382.2,101325.0,0.5918,18,10,1.854,46.7,0.930156,0.794378,4.6776,1.3164
344.0,101325.0,0.2705,19,10,3.054,53.1,0.576564,0.999827,6.1713,6.6659
349.4,101325.0,0.255,13,4,2.145,42.6,0.440932,0.995527,5.9389,6.3464
355.5,101325.0,0.5907,17,10,1.702,31.9,0.866772,0.998651,5.7256,5.8822
344.3,101325.0,0.6488,13,5,2.582,48.3,0.99668,0.723568,5.6171,5.8952
373.2,101325.0,0.2825,13,4,2.794,47.1,0.529284,0.994673,6.548,6.1189
344.5,101325.0,0.6535,12,5,2.357,67.6,0.995629,0.510479,3.2998,3.554
362.7,101325.0,0.6353,18,11,1.903,48.3,0.990905,0.745337,4.558,3.7618
367.2,101325.0,0.6921,16,8,3.773,61.2,0.997357,0.501429,5.6164,2.4132
341.0,101325.0,0.6247,16,5,2.931,38.4,0.996871,0.972425,7.3445,7.7122
376.0,101325.0,0.738,18,6,3.578,58.0,0.997837,0.450158,5.8306,2.5291
353.4,101325.0,0.416,16,9,1.949,42.7,0.72443,0.997886,5.3805,5.6509
366.5,101325.0,0.7671,16,8,2.031,61.7,0.991618,0.372268,3.525,0.329
366.0,101325.0,0.456,16,9,2.147,49.3,0.893629,0.99404,4.9405,5.0106
360.6,101325.0,0.6029,16,8,2.472,36.0,0.940692,0.997579,6.8186,6.9025
343.5,101325.0,0.3331,16,7,3.577,61.8,0.866931,0.996859,5.4403,5.9283
347.6,101325.0,0.6228,17,4,3.87,60.2,0.99837,0.6255,5.8769,6.109
376.9,101325.0,0.5871,12,4,3.195,43.7,0.982132,0.92177,7.186,3.9089
360.3,101325.0,0.7275,17,10,3.322,58.7,0.998385,0.463088,5.4122,4.4121
361.7,101325.0,0.5722,17,11,2.693,61.5,0.995307,0.692672,4.3139,4.3623
378.3,101325.0,0.3027,14,5,3.507,40.2,0.504728,0.997829,8.8151,5.502
355.1,101325.0,0.582,18,12,2.982,62.8,0.996484,0.663522,4.4932,4.6349
352.6,101325.0,0.7461,14,5,2.977,49.3,0.998627,0.513598,6.1133,6.2134
363.8,101325.0,0.5903,11,3,1.75,46.1,0.958806,0.84054,4.5318,3.8748
345.6,101325.0,0.3844,17,9,1.866,38.6,0.625636,0.999325,5.6784,6.0767
360.3,101325.0,0.3992,18,9,1.822,56.0,0.89627,0.991334,3.8429,4.0333
371.7,101325.0,0.7647,12,3,2.454,54.0,0.995515,0.43192,4.8204,1.5694
366.8,101325.0,0.6678,14,8,1.707,35.2,0.962049,0.873881,5.3595,2.1888
367.1,101325.0,0.5763,11,6,3.733,44.0,0.976462,0.932939,8.074,6.0288
371.1,101325.0,0.2949,15,8,3.652,40.8,0.497661,0.999302,9.0136,9.0494
351.3,101325.0,0.3596,15,7,2.095,55.7,0.799646,0.990377,4.3154,4.6596
341.5,101325.0,0.534,15,9,3.387,68.1,0.996513,0.682654,4.2449,4.6127
365.9,101325.0,0.5233,16,5,1.626,35.4,0.80817,0.996543,5.3319,4.647
353.0,101325.0,0.7624,20,11,2.353,33.6,0.99823,0.703641,6.7508,6.8502
353.7,101325.0,0.2679,14,7,2.668,50.4,0.536796,0.996726,5.931,6.2706
370.1,101325.0,0.7283,13,6,2.443,57.1,0.993665,0.471071,4.483,1.2484
347.9,101325.0,0.2898,15,9,3.888,54.7,0.637899,0.998478,7.1341,7.5605
349.5,101325.0,0.2961,14,9,3.355,49.4,0.582736,0.997498,7.1475,7.5391
342.8,101325.0,0.7779,18,7,2.575,57.3,0.998415,0.386428,4.6285,4.8499
357.8,101325.0,0.7711,17,10,3.936,56.4,0.999237,0.405261,6.5241,6.5334
369.6,101325.0,0.4068,11,4,2.775,33.0,0.598704,0.982823,8.1883,7.482
354.0,101325.0,0.3059,13,4,1.98,49.9,0.600003,0.98938,4.8327,5.1477
360.7,101325.0,0.3253,13,3,3.141,44.8,0.585581,0.995402,7.4116,7.6067
374.4,101325.0,0.2384,11,3,1.939,65.3,0.592694,0.949869,3.304,3.0588
375.7,101325.0,0.502,16,6,1.948,38.3,0.805334,0.986657,5.7197,2.4477
376.0,101325.0,0.7422,15,7,1.65,30.9,0.983305,0.796966,5.5701,2.2905
370.0,101325.0,0.7983,17,6,2.562,47.1,0.997316,0.425223,5.7146,2.4857
349.1,101325.0,0.7833,15,5,3.448,44.8,0.999212,0.482735,7.4432,7.5777
383.4,101325.0,0.7317,16,7,2.033,34.7,0.991316,0.756855,6.0143,2.6469
359.3,101325.0,0.3748,17,6,2.149,33.0,0.559238,0.999665,6.8614,7.0443
373.9,101325.0,0.5707,19,10,3.658,59.9,0.993803,0.712545,5.669,2.4009
351.0,101325.0,0.628,13,7,2.947,61.8,0.997048,0.600117,4.5729,4.7502
360.1,101325.0,0.7966,18,8,1.889,32.0,0.996052,0.627234,5.9595,3.7431
364.0,101325.0,0.3966,16,8,3.315,46.2,0.736316,0.998998,7.379,7.4958
382.6,101325.0,0.343,13,6,3.271,48.0,0.649808,0.989373,7.1446,3.7859
340.4,101325.0,0.6033,20,9,3.975,61.7,0.998315,0.641903,5.7774,6.1248
382.9,101325.0,0.6164,18,11,2.277,36.1,0.96079,0.99313,6.3996,3.0575
342.4,101325.0,0.4201,14,8,1.962,61.2,0.95726,0.920462,3.5148,3.9618
352.9,101325.0,0.5523,11,4,2.553,64.7,0.992103,0.687654,3.808,3.9981
353.5,101325.0,0.388,17,9,1.522,39.2,0.637465,0.998923,4.9406,5.2162
379.8,101325.0,0.6782,12,5,1.828,48.4,0.972574,0.635637,4.4488,1.109
384.1,101325.0,0.5659,12,6,2.377,49.0,0.956506,0.840645,5.2681,1.8913
346.7,101325.0,0.4041,11,5,2.185,51.0,0.776418,0.953616,4.9304,5.3106
384.1,101325.0,0.3411,14,5,3.163,47.4,0.642227,0.993061,7.0512,3.6733
351.3,101325.0,0.6151,15,10,2.282,32.3,0.90684,0.996371,6.863,7.0748
353.8,101325.0,0.2391,16,9,1.612,66.1,0.66731,0.980511,2.842,3.2067
384.6,101325.0,0.5405,18,9,1.59,46.4,0.837505,0.802593,4.3419,0.9438
371.5,101325.0,0.3054,19,5,1.689,46.4,0.569377,0.999538,4.682,4.6794
344.7,101325.0,0.3816,19,6,2.873,57.5,0.896587,0.999024,5.094,5.5382
348.2,101325.0,0.7771,17,5,2.557,68.1,0.998183,0.326462,3.4406,3.5831
369.2,101325.0,0.7768,12,4,1.571,61.9,0.985166,0.351451,2.9785,0.2473
361.9,101325.0,0.7669,16,6,3.449,48.2,0.998607,0.482112,6.9873,4.3657
344.6,101325.0,0.5686,15,6,2.025,31.5,0.828688,0.996984,6.4906,6.8163
344.3,101325.0,0.5475,15,7,2.542,40.4,0.915678,0.995636,6.5096,6.8648
350.4,101325.0,0.319,14,5,3.44,37.4,0.508764,0.998625,9.087,9.4411
344.6,101325.0,0.3306,16,8,1.876,55.2,0.731283,0.994588,4.0985,4.5581
374.8,101325.0,0.288,15,7,3.237,35.4,0.445448,0.99932,9.0012,7.6087
351.2,101325.0,0.7059,14,7,2.037,45.9,0.996133,0.636183,4.9841,5.1289
382.2,101325.0,0.2069,17,10,3.342,67.5,0.545247,0.956008,4.5962,1.2472
358.6,101325.0,0.4876,18,10,1.974,43.3,0.859073,0.998825,5.2542,5.4198
353.6,101325.0,0.2022,17,6,2.112,34.5,0.308621,0.999845,6.7676,7.1352
368.2,101325.0,0.4549,17,6,1.787,61.4,0.940805,0.850569,3.301,2.5397
375.7,101325.0,0.4551,14,6,3.769,46.0,0.837063,0.993288,8.0551,4.7923
361.1,101325.0,0.5038,12,8,2.66,55.2,0.985622,0.887278,4.9852,5.0997
377.4,101325.0,0.2652,17,8,2.51,69.4,0.622016,0.892129,3.4674,0.6675
354.6,101325.0,0.2187,12,3,1.728,54.4,0.460856,0.984283,4.0854,4.4361
340.2,101325.0,0.6614,18,9,3.051,59.6,0.997876,0.566681,4.9628,5.2801
353.1,101325.0,0.7309,19,11,1.902,56.4,0.995873,0.473937,3.8385,3.9346
352.1,101325.0,0.5187,19,9,2.642,35.1,0.799157,0.999862,7.4401,7.6793
378.7,101325.0,0.3073,17,8,3.061,65.4,0.729905,0.916281,4.4704,1.1602
347.7,101325.0,0.2621,13,8,1.922,43.8,0.461971,0.994355,5.3926,5.8237
376.2,101325.0,0.6779,15,8,3.155,69.7,0.993999,0.459514,3.8209,0.5108
346.1,101325.0,0.2585,12,6,1.688,50.9,0.509265,0.983397,4.3147,4.7766
382.5,101325.0,0.3577,18,5,3.036,61.9,0.813068,0.922585,4.8293,1.4749
373.9,101325.0,0.6967,13,6,2.835,36.6,0.995431,0.820801,7.3768,4.1238
382.4,101325.0,0.6814,20,12,2.395,58.9,0.988873,0.533152,4.2394,0.8626
358.4,101325.0,0.3644,14,7,2.408,49.4,0.713913,0.993601,5.4992,5.7206
364.2,101325.0,0.6761,15,9,3.273,48.6,0.9975,0.663816,6.6606,4.4313
345.7,101325.0,0.4323,17,7,3.889,33.3,0.648039,0.999825,10.4928,10.8611
371.6,101325.0,0.4634,18,9,3.188,61.6,0.980237,0.858786,4.8951,2.3337
372.8,101325.0,0.5407,13,7,2.479,59.4,0.959183,0.745335,4.3182,1.0639
364.3,101325.0,0.6414,19,9,2.237,35.2,0.988081,0.99669,6.3741,4.6767
382.5,101325.0,0.6237,12,5,1.885,53.7,0.951699,0.659102,4.0898,0.7149
348.3,101325.0,0.5984,15,5,3.008,57.7,0.997027,0.693834,5.142,5.3815
343.3,101325.0,0.6636,19,8,2.489,53.8,0.996936,0.622647,4.8889,5.1655
356.4,101325.0,0.4446,13,4,2.041,54.3,0.92033,0.955765,4.2816,4.5045
381.3,101325.0,0.3566,17,9,2.467,45.3,0.648338,0.995673,6.102,2.7586
340.1,101325.0,0.7724,11,5,2.629,42.1,0.998007,0.537877,6.3714,6.6404
362.1,101325.0,0.2606,11,5,3.329,45.6,0.469422,0.988521,7.7281,7.9301
344.7,101325.0,0.2164,13,7,2.755,64.4,0.587932,0.98898,4.3332,4.853
346.4,101325.0,0.2996,12,5,2.092,37.6,0.475016,0.991516,6.3284,6.7541
369.8,101325.0,0.6638,19,5,2.804,33.9,0.995265,0.982576,7.6291,4.4414
341.6,101325.0,0.7442,11,4,2.248,46.0,0.996803,0.552334,5.3198,5.5805
370.2,101325.0,0.2644,19,7,3.932,63.6,0.725606,0.999558,5.7153,5.8057
342.1,101325.0,0.6335,13,8,2.853,56.5,0.997104,0.646442,5.0833,5.3927
341.8,101325.0,0.4474,13,3,1.894,66.3,0.969564,0.818011,2.9752,3.3992
375.6,101325.0,0.7572,15,6,2.006,43.8,0.992228,0.544364,5.1291,1.8391
383.0,101325.0,0.5139,14,8,2.062,39.7,0.832066,0.969355,5.7802,2.4204
357.8,101325.0,0.7239,13,4,3.912,57.0,0.99897,0.483609,6.4034,6.4337
384.4,101325.0,0.3992,11,3,1.643,64.1,0.698959,0.768684,3.0322,0.3753
379.0,101325.0,0.5199,17,9,1.893,50.8,0.86982,0.819,4.4266,1.1007
364.9,101325.0,0.5415,13,8,3.826,47.7,0.99285,0.953456,7.662,7.2163
341.7,101325.0,0.2977,10,5,2.523,30.7,0.420051,0.978485,8.0457,8.5386
362.7,101325.0,0.3738,11,7,3.281,39.9,0.611473,0.984197,8.3168,8.4513
377.4,101325.0,0.7575,15,6,2.097,54.3,0.992126,0.439966,4.2971,0.9812
382.0,101325.0,0.5645,17,8,3.862,42.2,0.975001,0.997656,8.5633,5.2365
384.2,101325.0,0.487,11,7,3.947,61.7,0.984854,0.822055,5.7615,2.3808
364.0,101325.0,0.7612,19,11,2.738,55.1,0.996668,0.430679,5.0908,1.9247
383.3,101325.0,0.2885,15,6,1.909,57.0,0.543327,0.903739,4.075,0.6944
350.1,101325.0,0.2437,14,8,3.882,52.4,0.509969,0.998177,7.5965,8.0076
361.5,101325.0,0.7375,12,4,3.294,30.9,0.997118,0.843128,8.999,7.1232
372.6,101325.0,0.735,20,10,2.484,42.4,0.995535,0.618934,6.0884,2.8355
348.9,101325.0,0.5353,18,7,3.291,47.1,0.996733,0.983024,6.885,7.1872
361.0,101325.0,0.3703,20,8,3.353,61.5,0.960087,0.998854,5.1226,5.325
353.3,101325.0,0.3653,13,3,3.878,51.6,0.748076,0.993736,7.4913,7.7961
366.3,101325.0,0.5747,14,4,1.998,66.2,0.97721,0.630809,3.0864,1.4049
360.5,101325.0,0.5151,18,7,1.783,39.5,0.850712,0.99893,5.254,5.3738
375.9,101325.0,0.2255,19,10,3.853,66.9,0.679015,0.998883,5.1476,4.3481
343.2,101325.0,0.4134,13,4,1.51,31.4,0.599059,0.99221,5.5742,5.9854
370.1,101325.0,0.6549,18,5,1.935,67.1,0.974045,0.501581,2.943,0.2968
372.2,101325.0,0.6774,15,5,3.847,62.4,0.997112,0.515247,5.5273,2.2673
352.0,101325.0,0.6318,17,7,3.605,38.4,0.998471,0.956476,8.6008,8.8017
377.2,101325.0,0.3401,12,4,1.694,49.7,0.591559,0.914395,4.3907,1.0856
376.6,101325.0,0.4282,11,6,3.294,33.2,0.63231,0.982478,9.2482,5.9499
374.2,101325.0,0.5099,15,5,2.393,59.2,0.929946,0.779595,4.257,0.9882
379.9,101325.0,0.2045,16,4,2.308,40.3,0.341666,0.998696,6.5444,3.2161
380.7,101325.0,0.7365,18,11,3.192,50.8,0.997442,0.516223,6.2548,2.9031
344.1,101325.0,0.6333,18,10,3.088,64.8,0.997448,0.564508,4.3639,4.6369
341.1,101325.0,0.2224,16,6,3.828,54.0,0.482864,0.999476,7.2791,7.8444
366.8,101325.0,0.3778,18,5,3.376,50.3,0.759774,0.999614,6.8886,6.974
356.3,101325.0,0.3934,11,5,2.215,34.5,0.589745,0.97937,6.8247,7.0451
345.9,101325.0,0.2483,17,6,2.62,69.9,0.803577,0.990808,3.4273,3.923
348.7,101325.0,0.7653,18,11,2.882,50.5,0.998704,0.463482,5.8259,5.9722
371.2,101325.0,0.4154,10,3,1.909,64.9,0.842804,0.815754,3.1906,1.5818
369.7,101325.0,0.2321,12,6,1.711,34.7,0.351946,0.993431,5.8626,5.9482
347.5,101325.0,0.5017,17,7,3.99,68.6,0.997072,0.725045,4.7521,5.0514
370.2,101325.0,0.2323,12,4,2.201,56.9,0.517932,0.984057,4.5064,4.5968
373.4,101325.0,0.6691,13,4,2.396,38.7,0.989552,0.838508,6.324,3.0777
384.7,101325.0,0.2076,15,9,1.743,44.2,0.362485,0.987933,5.0654,1.6749
381.1,101325.0,0.3381,17,8,3.732,53.0,0.71678,0.997708,7.0895,3.7584
374.8,101325.0,0.575,10,4,2.45,41.8,0.902002,0.880296,6.2077,2.9411
358.9,101325.0,0.6134,18,6,3.885,54.9,0.998402,0.702879,6.68,6.7554
366.1,101325.0,0.4138,14,5,2.77,35.1,0.636263,0.997533,7.8847,7.9451
343.1,101325.0,0.6111,14,4,1.991,41.7,0.990335,0.919149,5.2963,5.6328
351.0,101325.0,0.799,20,7,2.371,44.6,0.998494,0.448802,5.6623,5.7621
377.5,101325.0,0.5846,17,9,3.709,46.2,0.996128,0.894626,7.6853,4.3988
347.9,101325.0,0.7507,17,5,3.594,61.8,0.99895,0.402749,5.3203,5.4804
360.6,101325.0,0.6186,18,6,2.833,36.2,0.96926,0.999327,7.4607,7.5409
353.5,101325.0,0.3163,18,8,1.603,30.1,0.452437,0.999845,5.98,6.2806
345.7,101325.0,0.3207,16,9,1.914,66.9,0.882605,0.957313,2.9927,3.4468
365.9,101325.0,0.5262,15,6,2.991,36.3,0.824824,0.997829,7.9685,7.2419
380.2,101325.0,0.339,15,6,3.971,51.0,0.68847,0.996763,7.7955,4.4726
380.8,101325.0,0.2788,19,12,2.562,32.8,0.414832,0.999899,7.8916,4.5418
345.8,101325.0,0.476,15,9,1.543,31.4,0.692598,0.997203,5.5799,5.9245
343.0,101325.0,0.6131,20,11,1.87,62.9,0.991381,0.610019,3.2333,3.535
355.8,101325.0,0.3511,15,7,2.252,54.4,0.762079,0.993394,4.6952,4.9707
348.9,101325.0,0.4995,16,10,3.508,35.7,0.776475,0.999363,9.1572,9.4529
347.8,101325.0,0.2191,10,6,3.377,49.0,0.411569,0.981225,7.3614,7.8162
384.3,101325.0,0.5988,13,5,3.547,31.2,0.866831,0.99224,9.7342,6.3615
346.4,101325.0,0.7766,15,6,3.23,47.7,0.999052,0.467304,6.7068,6.8817
356.3,101325.0,0.704,11,5,3.4,66.7,0.998215,0.442887,4.4427,4.4999
343.1,101325.0,0.7157,17,5,3.0,61.6,0.998263,0.460443,4.6573,4.903
347.4,101325.0,0.7071,16,6,3.759,34.9,0.999084,0.83757,9.3922,9.6089
364.1,101325.0,0.4373,12,4,2.86,69.7,0.987396,0.801836,3.5546,3.6381
383.7,101325.0,0.5242,13,8,3.515,59.2,0.988232,0.795606,5.5976,2.2207
351.9,101325.0,0.5033,19,6,2.09,64.2,0.986799,0.766313,3.3625,3.5999
370.3,101325.0,0.5675,17,11,3.878,49.5,0.996113,0.869822,7.4728,4.2676
357.8,101325.0,0.3036,11,4,3.651,49.2,0.583301,0.985196,7.6629,7.9167
357.8,101325.0,0.7051,12,6,1.668,51.8,0.992832,0.562635,3.9038,3.9462
372.7,101325.0,0.6625,12,7,3.838,40.2,0.996561,0.834473,8.7756,5.5376
360.1,101325.0,0.2803,16,6,2.721,37.8,0.450391,0.999585,7.6081,7.8282
373.5,101325.0,0.481,20,8,3.73,46.3,0.895416,0.999629,7.8624,4.6323
341.3,101325.0,0.4808,18,9,2.243,51.9,0.98517,0.986702,4.7431,5.1882
375.5,101325.0,0.7279,11,3,2.305,41.9,0.992454,0.63894,5.8296,2.5445
373.4,101325.0,0.3168,17,7,1.869,44.8,0.572606,0.998389,5.1426,4.0248
340.3,101325.0,0.6217,13,8,2.849,50.0,0.996872,0.753472,5.8371,6.1891
363.4,101325.0,0.7357,10,6,2.736,57.2,0.995814,0.45893,4.851,2.0366
369.1,101325.0,0.5333,19,10,3.535,65.7,0.992802,0.706591,4.7221,2.3385
382.6,101325.0,0.674,17,10,2.77,52.6,0.993661,0.614058,5.4237,2.0503
369.1,101325.0,0.5977,17,10,1.853,58.6,0.937262,0.642199,3.6269,0.4053
354.6,101325.0,0.441,19,6,1.937,36.5,0.694375,0.9998,5.9638,6.1967
353.2,101325.0,0.7081,13,4,1.547,52.1,0.992084,0.55299,3.7042,3.8125
356.5,101325.0,0.5815,16,9,3.606,57.4,0.997793,0.727454,5.9501,6.0783
342.3,101325.0,0.7754,19,6,3.21,47.2,0.999054,0.474789,6.7389,6.9726
374.2,101325.0,0.5918,17,8,1.598,66.0,0.92347,0.57906,2.7197,0.5677
385.0,101325.0,0.7861,18,8,3.238,50.1,0.998242,0.425195,6.4123,3.0126
363.9,101325.0,0.2508,17,6,3.039,41.9,0.431522,0.999795,7.7262,7.9028
377.2,101325.0,0.3269,20,9,3.598,66.8,0.834907,0.925587,4.7766,1.4924
380.8,101325.0,0.7761,19,6,3.087,35.9,0.998341,0.620714,7.9433,4.6006
378.0,101325.0,0.6892,16,5,2.286,33.9,0.991649,0.900541,6.5953,3.3027
371.8,101325.0,0.6736,14,8,2.257,43.3,0.989136,0.739582,5.6105,2.3729
362.1,101325.0,0.4523,18,8,2.932,56.4,0.9927,0.965471,5.2044,5.3433
379.7,101325.0,0.4456,12,7,3.983,48.9,0.852148,0.979235,7.9438,4.6324
346.9,101325.0,0.3619,17,7,3.917,58.9,0.878774,0.998754,6.2747,6.6949
377.5,101325.0,0.2673,11,7,2.412,36.5,0.412581,0.985448,7.1443,4.1957
341.2,101325.0,0.7118,18,8,2.18,62.8,0.996563,0.456881,3.5882,3.8621
383.7,101325.0,0.7025,15,8,3.562,62.4,0.996861,0.474871,5.2026,1.8093
355.8,101325.0,0.6491,11,3,1.975,41.9,0.984661,0.816225,5.2563,5.3736
353.6,101325.0,0.5304,10,6,2.571,68.3,0.988559,0.682244,3.4396,3.6277
363.5,101325.0,0.2783,12,7,2.763,32.3,0.408783,0.995189,8.4029,8.5644
376.4,101325.0,0.3195,13,4,2.947,60.4,0.728059,0.948363,4.9742,1.8483
380.5,101325.0,0.5827,10,5,3.5,46.4,0.973112,0.868259,7.3527,4.0246
345.7,101325.0,0.4285,20,11,2.659,53.7,0.924842,0.999408,5.2147,5.6195
354.2,101325.0,0.5552,17,10,2.722,56.5,0.995449,0.783742,4.9122,5.0939
365.7,101325.0,0.6459,11,7,3.225,39.4,0.988521,0.881022,7.7796,5.3342
381.4,101325.0,0.2842,16,10,2.618,52.9,0.588534,0.986766,5.5234,2.1813
350.7,101325.0,0.6862,18,6,2.525,47.0,0.997464,0.6648,5.6658,5.8286
368.7,101325.0,0.6431,14,7,2.225,51.9,0.982949,0.671864,4.719,1.509
350.3,101325.0,0.2197,19,12,1.744,41.3,0.374197,0.999887,5.3263,5.7394
380.1,101325.0,0.6723,18,11,2.466,31.4,0.978762,0.997118,7.2395,3.9317
359.4,101325.0,0.5157,14,8,3.638,53.8,0.996426,0.897137,6.4997,6.6375
344.6,101325.0,0.494,16,8,2.785,48.8,0.960556,0.995435,5.9229,6.3101
343.1,101325.0,0.2725,14,4,2.969,53.9,0.586896,0.996399,5.9318,6.4394
370.2,101325.0,0.6191,19,12,1.732,38.2,0.942642,0.904328,5.1789,1.972
373.3,101325.0,0.4108,13,7,2.814,59.8,0.896583,0.915765,4.745,2.0835
384.6,101325.0,0.324,14,4,2.068,62.7,0.621638,0.853064,3.6945,0.293
363.1,101325.0,0.7758,11,6,2.233,37.8,0.99489,0.584712,6.1018,2.9546
353.3,101325.0,0.6092,12,6,3.485,35.1,0.929066,0.982211,8.9524,9.1394
367.9,101325.0,0.7513,10,5,2.555,48.4,0.995058,0.508574,5.5659,2.36
353.8,101325.0,0.6808,12,5,2.135,69.1,0.995168,0.459778,2.9392,3.043
368.3,101325.0,0.5683,14,6,2.902,57.1,0.990636,0.749003,5.084,2.5674
364.9,101325.0,0.6518,14,5,3.182,58.4,0.996374,0.59365,5.2772,3.0873
342.9,101325.0,0.4094,14,4,3.357,51.6,0.839928,0.994423,6.5928,7.0409
366.2,101325.0,0.2714,20,9,2.809,60.6,0.688107,0.999526,4.8032,4.9525
372.0,101325.0,0.4326,20,5,3.153,66.2,0.972424,0.843022,4.2797,1.9918
359.0,101325.0,0.7107,18,6,2.462,60.2,0.997256,0.47875,4.1788,4.1958
347.2,101325.0,0.548,14,7,3.245,39.8,0.906954,0.994925,7.8932,8.2038
353.7,101325.0,0.3487,15,4,1.852,38.0,0.561227,0.998054,5.7492,6.0377
379.0,101325.0,0.2444,13,4,3.5,34.5,0.371998,0.99785,9.7482,6.4246
344.2,101325.0,0.5079,11,6,2.543,40.9,0.832923,0.961752,6.5541,6.9182
354.8,101325.0,0.3251,10,5,1.979,41.9,0.530799,0.960128,5.6459,5.9256
369.8,101325.0,0.6328,13,8,2.698,54.3,0.990449,0.668203,5.1329,1.91
368.4,101325.0,0.5488,18,7,3.904,59.7,0.996013,0.753088,5.9954,3.7233
368.0,101325.0,0.2282,17,5,2.349,68.7,0.707462,0.990152,3.3459,3.4901
348.6,101325.0,0.7838,14,6,1.836,41.5,0.997069,0.516831,5.0318,5.1748
354.9,101325.0,0.7596,15,8,2.081,39.1,0.99746,0.610878,5.6903,5.7573
381.9,101325.0,0.3327,14,7,1.877,45.7,0.585301,0.967436,5.0655,1.7075
348.8,101325.0,0.4631,15,6,2.529,32.5,0.685379,0.998555,7.6268,7.9334
374.9,101325.0,0.5431,12,5,3.713,58.6,0.991852,0.773937,5.9244,2.6512
384.9,101325.0,0.6679,17,7,3.895,53.9,0.997513,0.614013,6.8434,3.4424
360.2,101325.0,0.4009,14,7,3.631,38.4,0.64961,0.998071,9.1773,9.3411
383.5,101325.0,0.2708,15,8,3.654,56.9,0.619022,0.992966,6.478,3.1144
350.1,101325.0,0.488,19,6,3.75,64.4,0.996724,0.793277,5.129,5.4056
378.9,101325.0,0.2914,16,8,2.492,37.9,0.46848,0.998749,7.1169,3.7946
352.8,101325.0,0.7176,18,8,2.664,53.6,0.997944,0.525085,5.1553,5.2642
346.7,101325.0,0.218,16,5,3.822,45.6,0.400498,0.999717,8.6578,9.1316
361.3,101325.0,0.2479,10,5,3.779,31.9,0.358011,0.987163,10.7737,10.9866
373.4,101325.0,0.7598,13,6,3.441,42.6,0.998395,0.561687,7.7291,4.4656
364.3,101325.0,0.6506,11,6,2.488,33.5,0.945084,0.933951,7.1114,5.2553
373.9,101325.0,0.6387,19,8,1.887,53.7,0.962621,0.640586,4.0836,0.8096
382.3,101325.0,0.3133,17,7,3.815,33.8,0.473176,0.999829,10.4567,7.0876
381.3,101325.0,0.4811,15,7,3.623,58.7,0.98473,0.87325,5.8061,2.4692
365.8,101325.0,0.7193,13,7,3.929,35.9,0.998435,0.779115,9.5796,6.4148
380.1,101325.0,0.5159,11,5,2.514,43.5,0.859406,0.930261,6.186,2.8596
358.7,101325.0,0.6689,17,9,2.389,34.3,0.996756,0.959173,6.7535,6.8356
344.4,101325.0,0.6792,17,6,3.58,54.9,0.998635,0.583213,6.2626,6.5133
348.8,101325.0,0.4037,16,4,2.817,65.8,0.988381,0.900172,3.9666,4.3233
359.2,101325.0,0.2384,11,4,1.629,39.6,0.384419,0.984315,5.2471,5.5033
361.3,101325.0,0.4232,10,6,3.836,46.2,0.753072,0.960935,8.2492,8.3903
375.2,101325.0,0.5714,13,4,3.034,64.4,0.986105,0.657846,4.3658,1.0757
373.8,101325.0,0.4207,19,10,2.486,40.8,0.710056,0.999147,6.5847,3.4306
346.4,101325.0,0.3415,16,10,3.211,66.2,0.973807,0.981382,4.3382,4.7821
348.0,101325.0,0.3708,12,4,3.367,63.1,0.93698,0.960314,4.9484,5.3437
355.8,101325.0,0.5509,12,7,1.906,35.6,0.839914,0.971921,5.8508,6.018
368.0,101325.0,0.4406,12,3,3.416,41.5,0.74497,0.98845,8.2008,7.7496
377.6,101325.0,0.3689,13,5,2.333,36.9,0.579075,0.990503,6.8243,3.5166
361.4,101325.0,0.5654,17,5,3.267,56.5,0.997088,0.766959,5.6295,5.6947
342.0,101325.0,0.7031,18,11,1.917,40.4,0.995885,0.728826,5.2742,5.5603
367.6,101325.0,0.7547,16,6,3.859,48.7,0.998684,0.50231,7.5574,4.3549
367.4,101325.0,0.6288,17,7,1.618,38.8,0.943588,0.867724,4.9137,1.9296
346.3,101325.0,0.4553,14,5,3.274,47.2,0.857607,0.994732,7.0334,7.4049
379.9,101325.0,0.38,11,6,3.342,44.5,0.665189,0.975684,7.7367,4.4072
370.4,101325.0,0.5227,14,6,1.881,50.1,0.897623,0.850728,4.4482,1.5864
384.8,101325.0,0.2112,16,8,1.831,30.9,0.30526,0.999141,6.4961,3.0992
348.3,101325.0,0.4766,15,7,3.078,62.0,0.994444,0.840794,4.7026,5.0195
370.6,101325.0,0.3646,16,9,3.475,69.5,0.986506,0.90831,4.1489,3.6488
362.3,101325.0,0.5503,11,6,2.452,51.7,0.981943,0.852987,5.0732,5.1418
348.6,101325.0,0.6241,13,5,1.581,64.3,0.986811,0.57728,2.8007,3.0125
345.3,101325.0,0.2327,12,4,3.559,59.8,0.564238,0.990173,5.9569,6.4546
341.4,101325.0,0.3259,16,7,2.027,63.9,0.867393,0.98002,3.3999,3.9208
378.4,101325.0,0.4069,13,5,2.967,63.0,0.879722,0.870793,4.5566,1.2476
378.0,101325.0,0.2433,11,6,1.86,56.0,0.476642,0.94004,4.1268,1.288
357.6,101325.0,0.2353,15,9,1.729,50.8,0.474925,0.996777,4.4039,4.6974
373.7,101325.0,0.6965,18,6,1.736,53.3,0.973093,0.545844,3.895,0.6205
359.3,101325.0,0.7704,16,8,3.121,67.3,0.998329,0.340347,4.0859,2.9039
365.5,101325.0,0.6442,10,3,3.025,34.1,0.932676,0.913287,8.1522,5.8222
362.0,101325.0,0.3812,14,7,2.893,36.7,0.600935,0.997797,7.9758,8.117
368.6,101325.0,0.2388,10,5,2.622,36.5,0.365496,0.981616,7.61,7.7097
362.2,101325.0,0.2466,17,5,2.745,49.2,0.485009,0.999562,6.2342,6.4465
350.5,101325.0,0.2737,13,8,2.535,49.0,0.531039,0.994141,5.8808,6.2663
377.6,101325.0,0.7907,12,4,2.74,54.8,0.997201,0.379626,5.1269,1.8103
345.2,101325.0,0.4831,12,5,3.979,30.7,0.694072,0.993131,11.0342,11.3831
364.7,101325.0,0.6057,15,5,2.704,52.0,0.994788,0.753458,5.3949,4.0275
375.2,101325.0,0.2477,12,4,3.708,33.7,0.371893,0.996632,10.3235,9.4627
376.5,101325.0,0.5931,16,6,3.942,65.1,0.994967,0.62234,5.2334,1.9259
372.5,101325.0,0.4599,12,6,1.784,59.9,0.80199,0.769112,3.5124,0.4764
357.1,101325.0,0.2129,20,9,2.754,69.7,0.698155,0.998046,3.6354,3.9686
367.0,101325.0,0.5589,11,3,2.741,68.8,0.988932,0.636113,3.5462,1.7714
363.2,101325.0,0.7436,20,10,2.884,56.2,0.996966,0.453863,5.1597,2.31
382.6,101325.0,0.7788,18,9,2.058,56.8,0.992652,0.383848,4.0105,0.6353
382.3,101325.0,0.5155,16,6,2.653,43.3,0.900968,0.98924,6.4048,3.0651
360.1,101325.0,0.3705,12,6,3.524,35.7,0.572725,0.993731,9.4459,9.6201
377.4,101325.0,0.281,16,10,2.991,56.1,0.626355,0.98925,5.6531,2.4915
346.8,101325.0,0.5914,11,4,2.329,63.3,0.99271,0.64127,3.7089,3.9677
353.7,101325.0,0.4273,18,6,1.67,33.3,0.640464,0.999667,5.736,5.9839
358.0,101325.0,0.5936,12,7,2.594,46.9,0.992219,0.857752,5.7941,5.91
359.1,101325.0,0.4064,16,9,3.181,32.9,0.605453,0.999571,9.0752,9.2472
368.0,101325.0,0.3466,11,4,1.633,42.7,0.581412,0.968497,4.8942,4.9548
340.6,101325.0,0.395,13,8,1.693,46.8,0.727314,0.982756,4.5599,5.0373
354.6,101325.0,0.7111,16,4,2.021,60.9,0.995798,0.471686,3.5835,3.6649
381.6,101325.0,0.2616,11,7,3.835,42.5,0.447127,0.989407,9.1413,5.7875
354.8,101325.0,0.5889,11,3,2.806,44.1,0.979557,0.906234,6.4769,6.6485
369.4,101325.0,0.3494,18,8,1.63,34.0,0.529256,0.999732,5.6631,5.6961
361.3,101325.0,0.5774,11,6,2.658,33.4,0.84953,0.965229,7.6038,7.6731
359.3,101325.0,0.2695,17,10,3.552,61.6,0.699964,0.99884,5.5853,5.8488
340.6,101325.0,0.4484,16,6,3.765,32.2,0.661179,0.999625,10.3775,10.8136
378.1,101325.0,0.2841,15,9,2.478,49.9,0.555711,0.988599,5.6689,2.3659
342.5,101325.0,0.6617,19,10,2.907,58.9,0.997665,0.572734,4.8696,5.1543
360.3,101325.0,0.4318,14,8,3.229,46.8,0.80758,0.995365,7.0721,7.2354
351.1,101325.0,0.5968,13,3,3.218,40.8,0.987669,0.970246,7.5887,7.8218
363.9,101325.0,0.496,15,4,1.676,63.6,0.969575,0.775038,2.9715,3.0273
380.5,101325.0,0.7921,19,9,3.021,60.2,0.997604,0.343764,4.8532,1.5024
368.5,101325.0,0.5245,19,8,2.52,64.9,0.981054,0.722418,3.7601,1.7989
349.5,101325.0,0.5421,14,9,2.807,60.8,0.99508,0.749953,4.5281,4.782
379.7,101325.0,0.3614,20,12,3.69,52.3,0.756923,0.999332,7.0889,3.7774
368.8,101325.0,0.4064,19,11,3.696,62.9,0.994033,0.940185,5.2875,4.9942
359.4,101325.0,0.6243,11,6,2.496,35.2,0.933462,0.944826,6.9615,7.0449
360.7,101325.0,0.465,14,6,2.246,60.8,0.982852,0.868876,3.8709,4.0067
348.7,101325.0,0.7293,19,7,2.394,36.0,0.997933,0.748268,6.5867,6.7663
344.9,101325.0,0.7479,11,6,2.362,51.4,0.99734,0.487951,4.9553,5.1639
364.6,101325.0,0.6771,11,6,3.674,55.3,0.997348,0.581761,6.3362,3.896
353.4,101325.0,0.3527,16,5,1.573,42.9,0.616065,0.997839,4.7464,5.0435
367.7,101325.0,0.5951,17,8,3.679,58.3,0.996084,0.69171,5.9189,3.2809
342.4,101325.0,0.4666,15,4,3.542,48.4,0.90144,0.996967,7.2465,7.6755
363.2,101325.0,0.6557,12,7,3.511,56.2,0.997551,0.610724,5.9919,4.5795
369.0,101325.0,0.4972,20,9,1.588,46.9,0.89616,0.954501,4.2532,2.4893
384.7,101325.0,0.4446,16,6,3.017,56.9,0.92868,0.922079,5.3253,1.9503
340.9,101325.0,0.5364,11,7,3.789,49.3,0.983907,0.923867,7.3848,7.7936
352.7,101325.0,0.7092,20,11,1.526,61.0,0.991758,0.471452,2.9913,3.1012
371.9,101325.0,0.2751,11,3,3.793,31.9,0.400647,0.992917,10.7728,10.7973
383.4,101325.0,0.5725,14,5,2.499,39.4,0.928734,0.975385,6.5219,3.1683
355.7,101325.0,0.2594,17,5,2.406,49.0,0.508066,0.999415,5.6795,5.9905
377.4,101325.0,0.3551,16,6,3.049,56.4,0.784272,0.97667,5.5702,2.2868
373.9,101325.0,0.3787,14,9,2.444,31.9,0.554754,0.997138,7.6311,5.1375
371.8,101325.0,0.698,14,6,1.532,34.0,0.96129,0.813095,5.1067,1.8731
356.1,101325.0,0.3417,12,7,1.818,53.4,0.69793,0.969165,4.1972,4.4633
340.8,101325.0,0.302,16,6,2.809,32.0,0.443975,0.999697,8.5189,9.0264
343.9,101325.0,0.2577,19,11,3.641,54.2,0.562523,0.99988,6.9101,7.4137
347.6,101325.0,0.2999,17,9,3.613,42.4,0.520514,0.999801,8.6767,9.0893
351.3,101325.0,0.2469,14,4,1.967,41.3,0.418931,0.997608,5.74,6.1213
369.7,101325.0,0.2513,17,8,2.422,39.0,0.411811,0.999756,6.8836,6.9622
384.2,101325.0,0.2308,15,6,3.742,60.6,0.571514,0.99072,6.0677,2.6964
376.2,101325.0,0.7855,14,6,2.954,37.5,0.998189,0.568981,7.4933,4.2008
362.8,101325.0,0.6768,11,6,3.144,53.4,0.996824,0.602471,5.8572,4.3075
385.0,101325.0,0.6272,16,9,3.303,34.3,0.953341,0.997452,8.6531,5.285
374.1,101325.0,0.4301,15,8,2.212,30.4,0.616854,0.997467,7.2216,3.9528
360.8,101325.0,0.4518,14,6,2.276,44.5,0.807801,0.992197,5.715,5.8588
359.0,101325.0,0.4058,19,7,3.082,54.6,0.893098,0.999371,5.739,5.9476
377.0,101325.0,0.3245,19,10,1.691,67.9,0.61473,0.812708,2.7911,0.5192
365.7,101325.0,0.2887,10,5,3.047,36.5,0.442781,0.979358,8.4531,8.5742
351.6,101325.0,0.3422,18,6,1.701,46.6,0.64007,0.999134,4.6458,4.9806
382.0,101325.0,0.2366,15,5,2.687,63.0,0.541724,0.9426,4.4449,1.0923
367.1,101325.0,0.2471,20,12,1.797,61.9,0.644564,0.997541,3.4305,3.5754
380.3,101325.0,0.5192,11,3,2.046,64.7,0.88861,0.682348,3.3325,0.0231
373.9,101325.0,0.4746,17,8,2.683,47.5,0.892437,0.987205,5.9886,2.7517
363.0,101325.0,0.7231,12,4,2.261,48.6,0.994439,0.56387,5.0865,2.6716
359.9,101325.0,0.3425,12,6,3.338,35.4,0.526972,0.994135,9.145,9.3349
371.8,101325.0,0.4563,17,8,3.582,64.6,0.985987,0.83396,4.9312,2.3705
367.2,101325.0,0.4491,16,7,1.829,63.3,0.958866,0.846449,3.1743,2.9732
365.7,101325.0,0.5237,17,8,3.747,30.3,0.751263,0.999768,10.4933,9.8926
370.5,101325.0,0.6826,13,4,2.936,62.9,0.994134,0.50115,4.4316,1.1903
376.4,101325.0,0.3525,13,7,2.545,53.8,0.709893,0.954406,5.2259,1.9447
376.5,101325.0,0.3432,15,4,3.656,54.5,0.745342,0.992531,6.7247,3.4527
365.2,101325.0,0.6658,17,6,3.433,57.0,0.997057,0.584095,5.7813,3.2361
373.4,101325.0,0.491,13,7,2.223,44.9,0.847966,0.947054,5.5443,2.3009
357.4,101325.0,0.4964,11,3,3.032,42.5,0.839227,0.967422,7.249,7.4212
354.4,101325.0,0.7589,16,10,3.958,44.6,0.999301,0.539715,8.3266,8.3971
383.5,101325.0,0.6765,14,9,2.106,43.0,0.985035,0.732486,5.3834,2.0091
364.9,101325.0,0.4092,14,4,1.869,61.3,0.932816,0.921373,3.4124,3.5142
346.0,101325.0,0.2677,17,8,3.868,40.1,0.446824,0.999869,9.5881,10.0408
348.8,101325.0,0.6225,20,9,1.67,35.2,0.960369,0.999402,5.2881,5.5415
354.2,101325.0,0.3503,10,4,1.801,45.8,0.600158,0.945383,4.914,5.1924
350.6,101325.0,0.5716,17,8,1.597,63.4,0.982155,0.665407,2.892,3.1052
344.4,101325.0,0.2568,12,5,3.2,50.3,0.508981,0.992372,6.8243,7.315
342.2,101325.0,0.434,14,5,3.358,61.0,0.992617,0.923176,5.1598,5.6056
344.9,101325.0,0.4021,17,11,3.812,70.0,0.99478,0.851887,4.3805,4.7884
371.6,101325.0,0.2647,13,6,2.745,55.5,0.584651,0.991836,5.4042,5.458
357.5,101325.0,0.4428,10,3,2.735,39.1,0.698067,0.954788,7.27,7.4523
361.8,101325.0,0.4194,18,7,2.073,57.1,0.957412,0.984855,4.0318,4.1926
340.0,101325.0,0.472,20,9,2.45,68.2,0.989931,0.769495,3.3325,3.7642
348.6,101325.0,0.2669,11,5,3.179,47.8,0.499054,0.986623,7.1387,7.555
379.9,101325.0,0.7352,14,8,1.997,69.8,0.989529,0.374839,2.7495,0.6013
345.1,101325.0,0.6706,12,8,2.271,33.5,0.979242,0.941998,6.6224,6.8993
378.1,101325.0,0.6197,12,7,3.536,31.0,0.890795,0.983699,9.6965,6.3992
384.0,101325.0,0.5103,14,5,3.36,55.6,0.984452,0.868348,5.8871,2.5169
353.9,101325.0,0.3585,11,4,1.667,34.0,0.531609,0.977533,5.7414,6.0149
345.7,101325.0,0.7192,13,6,3.139,44.9,0.998551,0.623611,6.9146,7.1325
370.3,101325.0,0.7419,12,3,1.587,56.3,0.977217,0.440753,3.4433,0.2054
362.0,101325.0,0.4129,10,6,2.501,50.7,0.768882,0.933251,5.4591,5.5927
344.1,101325.0,0.6991,17,4,3.649,35.5,0.999018,0.845835,9.0907,9.3597
350.4,101325.0,0.4277,11,6,2.896,42.3,0.72315,0.975311,7.1592,7.4657
384.6,101325.0,0.4656,18,6,3.757,57.8,0.98552,0.913997,6.1035,2.7333
343.7,101325.0,0.5372,13,4,2.813,30.4,0.769198,0.993952,8.3934,8.742
382.2,101325.0,0.6421,16,10,2.256,48.4,0.983056,0.721397,5.1109,1.7487
347.2,101325.0,0.5496,14,7,3.989,53.4,0.997818,0.841545,7.05,7.3477
381.8,101325.0,0.5282,11,6,3.056,52.9,0.96767,0.863108,5.8302,2.4847
382.7,101325.0,0.2732,17,5,3.529,50.6,0.551781,0.998774,7.2819,3.923
374.5,101325.0,0.6254,16,9,1.592,66.5,0.945688,0.535948,2.6619,0.6293
376.7,101325.0,0.7915,13,4,2.021,56.1,0.993375,0.366473,4.0255,0.7185
381.8,101325.0,0.3549,11,7,2.58,51.5,0.675261,0.946798,5.5668,2.2137
384.3,101325.0,0.499,17,7,3.621,67.1,0.983601,0.738606,4.6243,1.2303
384.7,101325.0,0.5152,14,8,3.473,44.7,0.922141,0.988214,7.618,4.2517
372.4,101325.0,0.3743,19,12,1.716,53.8,0.780143,0.974213,3.9618,2.4183
343.8,101325.0,0.5253,16,10,1.89,36.1,0.820873,0.997884,5.7921,6.1547
346.2,101325.0,0.4527,14,9,2.384,35.8,0.703121,0.996377,6.9388,7.2936
348.2,101325.0,0.2499,15,6,1.84,64.2,0.671613,0.98526,3.2614,3.7094
357.9,101325.0,0.4004,18,7,2.928,42.8,0.699807,0.99974,7.1794,7.3863
351.1,101325.0,0.6317,14,4,2.235,34.7,0.960785,0.987533,6.456,6.6689
344.7,101325.0,0.5418,13,7,3.227,43.5,0.948091,0.985872,7.3177,7.6732
369.7,101325.0,0.6185,19,7,2.141,66.4,0.968317,0.558516,3.2204,0.0131
353.4,101325.0,0.4441,11,6,3.528,63.2,0.986558,0.871782,5.0652,5.3251
357.0,101325.0,0.7679,19,10,2.32,38.5,0.998145,0.599894,6.1912,6.2236
361.7,101325.0,0.5188,16,6,3.947,66.7,0.99717,0.720026,4.9962,5.0703
383.6,101325.0,0.2817,15,6,3.148,40.4,0.471678,0.998565,8.1112,4.7311
340.2,101325.0,0.6673,13,5,1.885,51.9,0.993972,0.635453,4.2115,4.5318
369.3,101325.0,0.5473,17,6,2.075,57.9,0.950876,0.746148,3.9644,1.2746
350.8,101325.0,0.5027,12,5,3.76,51.7,0.985866,0.948755,6.9897,7.2734
361.3,101325.0,0.6901,15,9,3.38,48.4,0.998352,0.638532,6.8527,5.9237
379.5,101325.0,0.6526,15,5,1.798,56.8,0.958537,0.580086,3.6958,0.3523
354.7,101325.0,0.5514,18,11,2.985,47.4,0.996582,0.942632,6.358,6.5575
368.1,101325.0,0.4971,20,12,3.499,50.4,0.994749,0.99271,6.7714,5.4546
363.1,101325.0,0.5069,11,3,3.989,34.1,0.76023,0.982673,10.4127,10.482
378.0,101325.0,0.295,11,5,3.006,69.6,0.697993,0.88102,3.8924,0.5844
363.3,101325.0,0.4427,14,4,2.586,52.8,0.920684,0.984566,5.2143,5.3354
376.3,101325.0,0.7903,16,6,2.762,37.0,0.99796,0.563283,7.1868,3.8933
345.5,101325.0,0.3871,13,4,3.496,52.5,0.805249,0.991223,6.7156,7.1334
381.5,101325.0,0.6079,14,6,2.88,50.8,0.990698,0.762839,5.7977,2.4469
342.7,101325.0,0.5667,12,5,2.595,52.2,0.992733,0.823436,5.2167,5.5693
354.8,101325.0,0.3475,15,8,3.288,42.7,0.605606,0.998856,7.9479,8.2252
369.9,101325.0,0.6166,14,5,2.322,63.9,0.976724,0.58685,3.653,0.4198
357.9,101325.0,0.7901,13,8,2.302,61.6,0.997803,0.339377,3.845,3.3792
366.5,101325.0,0.6303,11,5,3.168,69.5,0.993765,0.529206,3.8583,1.2421
365.1,101325.0,0.5911,14,5,3.06,62.3,0.995237,0.653457,4.6441,3.2939
342.8,101325.0,0.6713,13,5,2.179,68.5,0.995402,0.477739,3.0382,3.3071
349.3,101325.0,0.7373,18,8,1.987,50.2,0.99661,0.519944,4.512,4.6636
364.2,101325.0,0.2572,12,6,2.463,45.7,0.466525,0.991516,6.1724,6.3424
357.6,101325.0,0.638,16,7,3.01,59.0,0.99745,0.611787,4.986,5.0618
357.7,101325.0,0.5805,11,5,2.677,56.7,0.993083,0.734579,4.833,4.9439
375.8,101325.0,0.5611,16,7,2.005,60.5,0.924226,0.675986,3.6541,0.3553
380.7,101325.0,0.592,15,5,3.477,53.2,0.994498,0.762076,6.3582,3.0164
349.2,101325.0,0.5501,15,9,1.979,50.9,0.988752,0.873034,4.4441,4.7155
362.7,101325.0,0.4997,19,9,2.504,55.6,0.992228,0.893564,4.7235,4.8166
362.0,101325.0,0.4959,15,9,3.774,31.2,0.720382,0.999108,10.4645,10.553
346.0,101325.0,0.2617,11,6,3.718,67.5,0.742219,0.969659,4.8696,5.3468
354.9,101325.0,0.5328,15,9,3.329,54.2,0.99668,0.859181,6.0138,6.2063
354.0,101325.0,0.5426,17,10,3.403,47.0,0.997024,0.969893,7.0776,7.2969
345.6,101325.0,0.5568,11,5,1.898,34.6,0.825998,0.952029,5.9394,6.2521
368.8,101325.0,0.5284,15,5,3.396,42.6,0.917392,0.995712,7.7783,5.6481
374.6,101325.0,0.5736,11,5,2.996,59.4,0.986196,0.70841,4.932,1.6548
348.9,101325.0,0.4459,20,11,3.295,50.9,0.907956,0.999792,6.5124,6.8567
368.7,101325.0,0.6077,20,6,2.135,37.7,0.968898,0.989134,5.959,2.7844
350.9,101325.0,0.6823,11,5,3.81,34.6,0.992214,0.903413,9.5507,9.7347
352.4,101325.0,0.7131,17,11,3.83,46.5,0.999055,0.615902,7.8338,7.9567
365.1,101325.0,0.2231,15,10,2.763,48.1,0.428809,0.99886,6.4315,6.607
350.3,101325.0,0.3349,10,6,1.577,42.8,0.547592,0.949352,4.7998,5.1444
373.2,101325.0,0.3491,15,10,1.89,61.3,0.777322,0.921246,3.5328,1.9748
342.1,101325.0,0.4987,20,12,3.895,67.9,0.996997,0.736864,4.7657,5.1486
381.5,101325.0,0.3421,19,10,3.478,49.2,0.672825,0.999379,7.2959,3.955
349.4,101325.0,0.2759,13,5,3.272,36.1,0.430488,0.997733,8.9885,9.3799
345.0,101325.0,0.6739,17,5,2.849,36.5,0.998107,0.89016,7.4111,7.6845
345.9,101325.0,0.3334,19,9,1.926,59.5,0.818293,0.996643,3.7184,4.1649
374.6,101325.0,0.4772,13,7,3.002,55.9,0.95279,0.898009,5.4026,2.1485
356.6,101325.0,0.4673,14,5,3.392,46.0,0.861203,0.9951,7.3872,7.5947
366.1,101325.0,0.3686,11,5,3.808,51.4,0.735739,0.978538,7.428,7.5239
380.5,101325.0,0.7518,11,7,1.817,67.7,0.98838,0.361074,2.7648,0.5913
350.7,101325.0,0.2548,11,4,1.849,55.8,0.537457,0.969095,4.1048,4.4975
355.6,101325.0,0.264,17,5,2.989,31.3,0.384228,0.999888,9.0557,9.3525
380.7,101325.0,0.5651,10,6,2.102,48.5,0.912832,0.804142,4.9288,1.5846
367.8,101325.0,0.7585,14,4,3.392,30.3,0.998507,0.793616,9.2815,6.0958
378.9,101325.0,0.4476,19,7,3.442,50.0,0.893282,0.998065,6.8777,3.584
381.4,101325.0,0.7501,18,7,3.73,67.2,0.997703,0.370754,4.7047,1.3387
363.9,101325.0,0.4627,20,9,2.035,38.8,0.755954,0.999852,5.8865,5.9697
381.3,101325.0,0.2559,17,5,3.838,53.3,0.546601,0.998803,7.3577,4.0191
356.7,101325.0,0.6321,11,3,2.84,35.7,0.952995,0.945835,7.558,7.681
347.0,101325.0,0.7924,14,9,1.583,54.6,0.995877,0.376792,3.5576,3.7137
363.4,101325.0,0.37,12,5,2.314,44.4,0.653297,0.984758,5.9249,6.0554
358.4,101325.0,0.5633,17,9,2.563,50.0,0.995148,0.868578,5.4054,5.5312
369.3,101325.0,0.4571,11,5,1.74,64.8,0.897554,0.782159,2.9843,1.6578
384.5,101325.0,0.4735,19,7,2.719,34.1,0.718377,0.999735,7.8106,4.4235
375.2,101325.0,0.5367,13,6,2.686,35.1,0.819782,0.986717,7.5045,4.2373
362.6,101325.0,0.47,10,4,2.635,67.6,0.978275,0.773614,3.5863,3.6741
356.6,101325.0,0.6959,11,3,2.165,36.4,0.989735,0.817468,6.1147,6.1991
369.8,101325.0,0.7337,19,9,2.86,54.0,0.99639,0.490072,5.386,2.1564
345.1,101325.0,0.3952,20,9,2.852,49.0,0.774763,0.99985,6.2079,6.6249
343.2,101325.0,0.6052,13,8,2.551,59.1,0.995622,0.66499,4.4063,4.7143
368.7,101325.0,0.3306,10,5,1.523,40.2,0.520899,0.952481,4.9266,4.9777
377.7,101325.0,0.4358,13,7,1.872,68.8,0.801618,0.730094,2.8194,0.505
382.1,101325.0,0.6751,19,12,2.961,33.9,0.996444,0.951492,7.9419,4.6079
363.9,101325.0,0.3294,18,8,2.32,41.8,0.56579,0.999736,6.2793,6.4185
373.6,101325.0,0.5385,10,4,3.937,33.9,0.793621,0.958946,10.2813,7.0263
377.8,101325.0,0.2812,17,8,1.617,36.8,0.442907,0.996514,5.4403,2.131
352.3,101325.0,0.4845,15,4,2.419,68.4,0.989399,0.748756,3.2822,3.5197
356.0,101325.0,0.7285,12,7,2.408,47.8,0.997361,0.565109,5.3951,5.4555
344.1,101325.0,0.6949,12,6,2.857,51.2,0.997781,0.593783,5.7077,5.9568
373.7,101325.0,0.3224,13,5,3.339,64.2,0.846965,0.97011,4.8504,3.4938
353.0,101325.0,0.5493,17,8,3.426,54.5,0.997324,0.824732,6.1074,6.3158
341.5,101325.0,0.6802,15,8,2.103,55.5,0.9958,0.572848,4.1891,4.4801
362.5,101325.0,0.3435,18,10,3.495,44.7,0.621024,0.999834,8.0257,8.185
372.2,101325.0,0.5461,14,6,2.334,57.8,0.951841,0.750135,4.3077,1.0608
342.6,101325.0,0.5084,11,3,2.802,61.4,0.989756,0.794217,4.458,4.8368
341.6,101325.0,0.56,10,6,1.692,55.5,0.957946,0.759075,3.6632,4.0244
367.9,101325.0,0.4236,16,7,2.05,43.1,0.742683,0.997645,5.511,5.364
362.8,101325.0,0.3108,10,3,3.046,44.9,0.540583,0.971182,7.2647,7.4278
384.8,101325.0,0.7626,12,6,1.539,63.0,0.982833,0.366743,2.8579,0.546
373.0,101325.0,0.3024,16,4,1.994,38.7,0.492704,0.999037,6.0098,5.3358
370.8,101325.0,0.6284,11,6,1.625,46.1,0.928332,0.722281,4.3522,1.1185
366.5,101325.0,0.2486,11,6,2.542,53.8,0.514634,0.979852,5.3468,5.4876
370.5,101325.0,0.3935,18,9,3.1,47.3,0.746246,0.999515,6.8578,5.9524
369.4,101325.0,0.3321,19,9,2.268,41.2,0.564695,0.999855,6.2454,6.2934
373.8,101325.0,0.5991,18,6,3.582,30.1,0.856983,0.999766,9.9834,6.7343
375.1,101325.0,0.4885,18,6,3.546,57.8,0.986581,0.87515,5.8315,2.5703
378.6,101325.0,0.5929,19,6,2.427,34.1,0.899239,0.999104,6.9857,3.6872
368.9,101325.0,0.596,14,4,3.253,54.3,0.993413,0.738468,5.8995,2.6935
344.4,101325.0,0.304,16,10,1.607,31.5,0.443519,0.999398,5.8737,6.3242
350.7,101325.0,0.7268,17,5,1.635,51.0,0.99417,0.530085,3.9184,4.0544
341.1,101325.0,0.4568,10,5,2.75,41.2,0.741338,0.949287,7.0035,7.4319
369.3,101325.0,0.6041,12,7,1.656,63.6,0.928055,0.581308,2.9741,0.2553
374.0,101325.0,0.6449,19,10,3.597,51.4,0.996786,0.687816,6.7764,3.508
378.4,101325.0,0.4349,12,3,2.98,52.9,0.860953,0.944438,5.8391,2.5396
383.3,101325.0,0.7795,16,5,3.024,60.1,0.997348,0.365128,4.8693,1.4855
347.2,101325.0,0.5008,18,7,2.536,32.4,0.740729,0.999791,7.5929,7.9082
373.3,101325.0,0.2744,11,5,2.923,45.9,0.494792,0.985364,6.9482,6.6052
363.0,101325.0,0.7197,13,7,3.118,37.8,0.99775,0.737835,7.7673,5.4212
371.7,101325.0,0.4218,19,12,2.264,34.5,0.643861,0.999792,6.8829,4.9201
362.7,101325.0,0.3119,16,8,3.286,55.6,0.700529,0.998442,6.0801,6.2634
384.4,101325.0,0.4469,13,7,2.465,55.3,0.857821,0.885256,4.8272,1.4437
362.4,101325.0,0.4077,17,9,3.493,32.2,0.601244,0.999822,9.8591,9.9776
357.6,101325.0,0.439,20,6,2.182,60.0,0.98164,0.922732,3.873,4.0796
376.8,101325.0,0.5769,17,5,2.691,62.4,0.979689,0.665806,4.2248,0.9166
376.4,101325.0,0.2588,15,6,1.677,49.8,0.504382,0.988754,4.3954,2.5556
371.1,101325.0,0.6521,14,9,1.863,55.8,0.966322,0.5968,3.863,0.6186
373.3,101325.0,0.4872,16,9,2.032,42.4,0.827623,0.975258,5.4714,2.2309
374.1,101325.0,0.3902,15,5,2.606,57.3,0.83685,0.942645,4.8163,2.014
346.1,101325.0,0.7341,18,10,2.247,54.5,0.997319,0.485651,4.4805,4.6774
351.4,101325.0,0.3869,17,5,1.951,65.5,0.953703,0.911632,3.116,3.4411
369.3,101325.0,0.693,19,7,3.926,68.1,0.997116,0.449457,4.7658,1.5356
372.8,101325.0,0.3751,14,8,2.836,59.2,0.872588,0.967757,4.8649,3.1019
369.3,101325.0,0.2789,12,5,3.625,42.0,0.477069,0.994761,8.7968,8.87
341.5,101325.0,0.7289,16,10,3.569,60.1,0.99885,0.450318,5.527,5.7894
360.0,101325.0,0.6466,19,7,2.405,37.2,0.996692,0.944443,6.4859,6.5578
375.8,101325.0,0.2235,18,8,2.645,39.7,0.37057,0.999883,7.2699,6.5454
351.1,101325.0,0.3122,14,5,2.955,44.5,0.560597,0.997598,7.1374,7.4908
352.1,101325.0,0.4044,13,6,2.655,47.9,0.766523,0.989472,6.0252,6.3266
381.5,101325.0,0.6667,15,9,3.453,35.2,0.99683,0.94111,8.7521,5.424
368.5,101325.0,0.4595,16,6,1.77,53.7,0.922618,0.9398,3.9495,2.9914
377.5,101325.0,0.4506,10,6,3.406,30.3,0.632825,0.968576,9.9007,6.5873
363.0,101325.0,0.4325,13,8,2.567,68.0,0.984101,0.827074,3.4715,3.5788
370.8,101325.0,0.4873,15,9,3.702,40.9,0.822932,0.997681,8.7129,6.2045
370.2,101325.0,0.5342,18,8,3.055,62.5,0.985262,0.736436,4.6236,1.68
342.2,101325.0,0.6941,11,7,3.783,56.6,0.998457,0.539276,6.2939,6.5665
378.3,101325.0,0.5054,12,5,3.777,42.5,0.865117,0.98127,8.5495,5.2532
370.8,101325.0,0.3848,10,6,2.341,51.8,0.724034,0.930857,5.1279,4.2027
368.5,101325.0,0.3684,16,5,2.062,49.1,0.720817,0.996934,4.9653,5.0237
359.7,101325.0,0.3765,12,4,3.416,49.6,0.7344,0.98717,7.0764,7.2714
350.4,101325.0,0.5252,18,9,3.792,54.5,0.997657,0.869231,6.612,6.878
352.3,101325.0,0.2117,18,5,2.161,57.7,0.499324,0.999157,4.3755,4.7729
365.9,101325.0,0.7625,19,5,2.863,56.6,0.996967,0.417285,5.0849,1.8974
374.2,101325.0,0.6305,18,12,3.089,56.8,0.993529,0.645605,5.3616,2.0858
381.0,101325.0,0.2775,14,7,2.274,57.2,0.568768,0.940442,4.5522,1.2084
364.0,101325.0,0.2487,13,5,2.349,63.9,0.655332,0.981023,3.8865,4.0794
379.2,101325.0,0.758,16,5,3.514,54.9,0.998123,0.439259,6.173,2.8368
376.9,101325.0,0.2168,13,6,1.888,65.3,0.542173,0.956101,3.2651,1.9914
350.5,101325.0,0.6004,14,4,3.761,64.1,0.997932,0.622242,5.1829,5.3813
368.2,101325.0,0.4776,16,9,2.044,40.3,0.797794,0.996728,5.7215,4.6267
379.9,101325.0,0.6509,12,6,3.805,46.3,0.996826,0.750318,7.8262,4.4955
353.8,101325.0,0.7455,17,10,3.094,55.0,0.998667,0.461636,5.5856,5.6655
361.4,101325.0,0.6574,11,6,2.973,58.3,0.996746,0.585322,5.0251,4.6147
365.6,101325.0,0.5595,14,5,3.973,66.4,0.996908,0.661839,5.068,3.9563
346.8,101325.0,0.5273,17,6,3.987,41.0,0.893418,0.999543,9.1112,9.4384
372.8,101325.0,0.3877,11,7,2.994,36.4,0.599431,0.982248,8.223,6.2218
374.6,101325.0,0.2829,19,7,2.885,44.3,0.507795,0.999868,7.0754,5.9018
366.6,101325.0,0.5826,13,5,2.46,61.4,0.988235,0.672407,4.0583,2.1217
351.0,101325.0,0.7825,16,6,2.321,49.5,0.998176,0.437533,5.0853,5.1907
372.8,101325.0,0.3197,17,7,2.912,50.1,0.639774,0.999095,6.2879,5.4373
359.7,101325.0,0.7505,10,5,3.115,45.5,0.997332,0.545156,6.8015,5.7593
340.4,101325.0,0.6844,20,11,1.623,56.5,0.992341,0.552687,3.4641,3.7673
370.9,101325.0,0.3997,17,11,3.48,37.6,0.640371,0.99971,9.004,7.7959
364.8,101325.0,0.5039,12,4,3.917,67.2,0.996204,0.73639,4.8923,4.9265
364.3,101325.0,0.5771,20,6,2.501,51.0,0.994008,0.82351,5.2064,4.4962
348.8,101325.0,0.4517,11,6,3.062,45.2,0.799814,0.970346,7.006,7.3311
370.3,101325.0,0.3733,19,6,2.416,47.0,0.703992,0.999606,5.7817,5.2792
355.0,101325.0,0.3719,10,4,1.719,40.1,0.586389,0.948495,5.2804,5.5316
357.6,101325.0,0.2104,13,3,2.447,65.0,0.575038,0.985943,3.9165,4.2328
365.5,101325.0,0.3852,13,8,3.924,54.5,0.836,0.99115,7.009,7.1179
355.6,101325.0,0.4981,16,6,3.915,37.3,0.794062,0.9994,9.7084,9.9054
340.5,101325.0,0.2171,16,10,2.507,30.1,0.310498,0.999795,8.1381,8.7015
367.1,101325.0,0.5585,12,8,3.111,46.9,0.984179,0.92351,6.639,4.8604
379.4,101325.0,0.7701,14,8,2.041,40.9,0.993575,0.552818,5.455,2.1236
360.7,101325.0,0.6511,18,6,1.802,67.8,0.9915,0.510564,2.7397,2.755
340.6,101325.0,0.7223,20,12,3.198,64.5,0.99847,0.4297,4.5185,4.7952
366.9,101325.0,0.5881,19,12,3.817,60.7,0.996632,0.676402,5.7421,3.5831
372.8,101325.0,0.2273,16,8,2.93,67.1,0.679856,0.994591,4.1429,4.2065
379.1,101325.0,0.4121,18,5,3.389,40.6,0.6935,0.999601,8.3378,5.0208
369.6,101325.0,0.7006,14,7,2.047,51.5,0.986756,0.568886,4.492,1.2667
374.3,101325.0,0.5303,15,7,2.944,60.8,0.978171,0.75846,4.708,1.4386
368.9,101325.0,0.2574,16,8,3.861,55.9,0.582626,0.999173,6.9532,7.0572
349.1,101325.0,0.442,15,10,2.711,33.4,0.663027,0.998729,7.9371,8.2493
357.0,101325.0,0.7696,16,5,2.1,42.0,0.997628,0.545295,5.4525,5.4812
340.4,101325.0,0.6869,17,7,2.374,32.0,0.996999,0.972165,6.9586,7.3001
346.6,101325.0,0.5453,17,7,3.173,61.4,0.996534,0.738377,4.8859,5.1802
375.3,101325.0,0.6651,16,10,1.765,65.6,0.969394,0.494469,2.9017,0.3975
382.0,101325.0,0.4096,15,4,3.246,65.3,0.913999,0.858441,4.5447,1.1912
347.4,101325.0,0.2991,13,7,2.438,30.9,0.431602,0.997206,7.8216,8.2276
358.9,101325.0,0.702,15,10,1.894,37.7,0.995348,0.782761,5.4703,5.5152
359.5,101325.0,0.6415,19,5,3.51,69.3,0.997858,0.516367,4.1986,4.2361
375.5,101325.0,0.7258,14,5,3.7,54.4,0.998007,0.502373,6.4988,3.2048
360.7,101325.0,0.2464,17,9,2.611,35.7,0.383113,0.999836,7.6731,7.9002
359.6,101325.0,0.2546,11,3,3.386,69.3,0.744739,0.962531,4.2746,4.5383
343.5,101325.0,0.5518,17,5,3.598,38.3,0.894028,0.99951,8.7839,9.1459
348.3,101325.0,0.3235,14,8,2.98,67.7,0.937505,0.969465,3.9473,4.3662
347.8,101325.0,0.7891,19,12,2.21,57.5,0.997951,0.365268,4.1369,4.2824
376.7,101325.0,0.4677,11,6,2.358,40.6,0.753765,0.950826,6.3236,3.0317
358.5,101325.0,0.5134,18,8,3.855,68.6,0.996903,0.707911,4.6238,4.748
357.1,101325.0,0.3266,11,6,2.141,47.9,0.601659,0.972575,5.2961,5.5467
350.8,101325.0,0.3532,18,11,2.198,31.2,0.513315,0.999873,7.1901,7.515
351.0,101325.0,0.7269,10,5,1.608,54.0,0.991103,0.498161,3.6432,3.7727
379.8,101325.0,0.5468,18,8,3.636,47.8,0.99433,0.941874,7.344,4.0375
366.3,101325.0,0.441,16,6,2.369,53.6,0.939674,0.990651,4.7978,4.8755
340.9,101325.0,0.6074,16,5,1.927,36.5,0.953858,0.995285,5.6883,6.0641
349.5,101325.0,0.4289,15,6,3.881,45.0,0.778589,0.998495,8.4781,8.8076
357.7,101325.0,0.7456,12,8,3.274,53.6,0.998701,0.473502,6.0126,6.0359
373.0,101325.0,0.7657,17,9,1.571,45.9,0.983046,0.490475,4.2312,0.968
348.9,101325.0,0.2925,14,9,2.512,68.7,0.863886,0.967829,3.4223,3.8437
359.6,101325.0,0.3884,16,7,3.689,59.4,0.950364,0.995652,5.8305,6.0439
360.8,101325.0,0.6211,16,9,2.419,31.1,0.900754,0.998448,7.2846,7.3496
379.2,101325.0,0.6553,15,8,2.205,65.9,0.979177,0.512291,3.3274,0.0167
379.5,101325.0,0.6391,12,7,2.093,42.6,0.971807,0.809193,5.4135,2.091
367.7,101325.0,0.4249,17,6,2.988,31.9,0.623824,0.99976,8.7656,8.6777
354.1,101325.0,0.3536,17,7,1.507,52.5,0.73867,0.994793,3.7838,4.0823
381.8,101325.0,0.5182,14,8,1.703,55.6,0.833397,0.733505,3.7562,0.3847
358.7,101325.0,0.3986,18,7,2.106,69.0,0.966962,0.856748,2.9389,3.1343
353.6,101325.0,0.7492,15,9,2.118,57.6,0.997064,0.433255,4.0096,4.0894
378.2,101325.0,0.6704,20,13,2.39,68.0,0.98604,0.478137,3.2979,0.0351
359.2,101325.0,0.3868,13,6,3.732,52.2,0.800567,0.992088,7.1182,7.323
376.0,101325.0,0.3658,19,9,3.558,44.2,0.655361,0.999753,8.176,4.8988
384.4,101325.0,0.2874,11,5,1.606,54.9,0.500051,0.887292,3.8458,0.4469
371.9,101325.0,0.5254,14,4,3.9,69.3,0.990391,0.68059,4.569,1.3183
375.8,101325.0,0.5345,18,7,3.523,53.0,0.992315,0.871487,6.454,3.1842
370.6,101325.0,0.7312,14,6,2.469,51.2,0.994587,0.51984,5.1371,1.9
357.1,101325.0,0.5377,15,7,2.94,48.0,0.994239,0.956945,6.2176,6.3897
375.7,101325.0,0.7417,16,4,2.051,60.0,0.989468,0.423478,3.7074,0.408
350.6,101325.0,0.4614,13,5,3.861,63.6,0.995543,0.844305,5.3682,5.6584
379.6,101325.0,0.4315,14,8,3.585,69.1,0.958966,0.804376,4.3315,1.0014
355.3,101325.0,0.6437,16,9,2.95,61.0,0.997366,0.582414,4.6719,4.7773
351.2,101325.0,0.7531,14,4,3.619,61.3,0.998968,0.402122,5.4193,5.5309
363.2,101325.0,0.7214,16,4,3.532,35.6,0.998592,0.780035,8.849,6.3825
375.4,101325.0,0.4014,16,5,3.437,67.8,0.927094,0.848271,4.3959,1.123
370.7,101325.0,0.2455,19,10,3.544,64.5,0.690434,0.999384,5.1612,5.2512
347.7,101325.0,0.5427,13,5,2.356,30.4,0.776357,0.99225,7.3792,7.6659
341.2,101325.0,0.2042,14,5,2.039,49.9,0.404619,0.997022,5.0236,5.5942
379.9,101325.0,0.5553,14,7,1.504,39.3,0.836677,0.879296,4.7545,1.4206
359.6,101325.0,0.6204,18,5,2.867,46.5,0.997331,0.813265,6.2743,6.3485
377.4,101325.0,0.6312,18,9,3.176,49.0,0.995064,0.747515,6.4622,3.1595
353.7,101325.0,0.4894,12,5,1.85,56.7,0.96025,0.870182,3.7719,4.0025
361.1,101325.0,0.5879,13,5,3.775,52.4,0.99775,0.784409,6.8925,6.9548
364.7,101325.0,0.7036,13,8,3.261,47.5,0.997407,0.621134,6.7842,3.8911
381.4,101325.0,0.5525,12,8,3.048,57.7,0.984324,0.764072,5.2075,1.8551
356.6,101325.0,0.4591,20,10,3.503,60.0,0.995887,0.898789,5.4643,5.6731
342.3,101325.0,0.4062,10,5,3.283,52.2,0.791798,0.946893,6.4519,6.8982
380.9,101325.0,0.3184,17,8,2.639,34.2,0.483658,0.999552,7.8474,4.4963
351.6,101325.0,0.4812,11,3,3.199,33.7,0.715883,0.980505,8.8754,9.1306
340.1,101325.0,0.5577,18,5,2.6,42.2,0.964163,0.998937,6.3549,6.773
354.2,101325.0,0.2889,11,4,2.217,63.7,0.707312,0.949535,3.7275,4.0528
352.3,101325.0,0.4483,19,6,2.539,60.2,0.989735,0.909634,4.2787,4.5608
351.0,101325.0,0.4848,12,3,2.49,60.2,0.985623,0.846321,4.2231,4.4954
353.6,101325.0,0.3718,19,7,3.347,45.0,0.675912,0.999891,7.6648,7.9538
347.0,101325.0,0.6953,14,8,3.411,46.4,0.998668,0.655142,7.1682,7.3802
342.7,101325.0,0.754,14,5,3.278,43.3,0.99898,0.566793,7.3537,7.5956
362.9,101325.0,0.3683,13,7,3.364,46.6,0.68469,0.994257,7.462,7.6063
346.8,101325.0,0.5463,14,5,3.052,55.6,0.99612,0.812907,5.4576,5.7586
347.4,101325.0,0.7684,15,9,2.299,68.5,0.997634,0.337014,3.1514,3.3089
370.1,101325.0,0.6998,11,6,3.74,37.0,0.995872,0.804363,9.0592,5.848
357.2,101325.0,0.7797,12,4,2.707,39.6,0.998485,0.554003,6.7887,6.8111
359.7,101325.0,0.3225,11,4,2.125,69.1,0.832047,0.905358,3.0229,3.2419
373.6,101325.0,0.5311,14,8,2.054,67.9,0.917943,0.651781,3.0216,0.2552
356.7,101325.0,0.3988,11,5,2.392,57.6,0.855269,0.937209,4.4843,4.7177
382.8,101325.0,0.7338,13,8,3.639,41.9,0.998303,0.632968,8.1723,4.8037
369.7,101325.0,0.3461,19,8,2.283,61.6,0.89216,0.994283,3.9047,3.9722
361.6,101325.0,0.5109,17,5,1.956,57.6,0.984487,0.837708,3.8115,3.907
368.3,101325.0,0.2033,11,3,2.637,64.9,0.530652,0.973741,4.1643,4.3041
355.1,101325.0,0.6955,13,5,3.722,38.3,0.998644,0.792883,8.8333,8.9388
364.4,101325.0,0.6547,11,5,1.857,67.5,0.982732,0.503241,2.8248,0.8203
364.5,101325.0,0.6603,12,6,1.79,59.3,0.981671,0.560269,3.4553,1.3203
356.1,101325.0,0.7687,19,9,2.173,49.2,0.997684,0.46773,4.8881,4.9261
348.7,101325.0,0.5024,10,4,2.71,40.8,0.806488,0.938824,6.9051,7.199
380.9,101325.0,0.5533,18,10,3.152,32.5,0.819535,0.999646,8.7922,5.4569
375.2,101325.0,0.3601,17,10,2.513,37.9,0.579329,0.99911,7.0787,4.0602
373.9,101325.0,0.5546,20,8,1.849,45.7,0.903483,0.859939,4.7814,1.5238
374.5,101325.0,0.7409,10,3,2.65,57.9,0.99504,0.443889,4.6626,1.378
344.9,101325.0,0.5778,15,9,1.734,69.1,0.98621,0.604832,2.5682,2.8568
366.9,101325.0,0.2931,15,5,3.911,58.3,0.699723,0.997742,6.5438,6.6696
346.6,101325.0,0.3176,15,9,3.64,68.5,0.967228,0.981176,4.461,4.9146
367.9,101325.0,0.4927,19,12,3.857,68.5,0.995038,0.738301,4.6423,3.4432
372.6,101325.0,0.4766,18,10,2.682,53.0,0.936113,0.930898,5.3151,2.0891
382.5,101325.0,0.5433,14,9,2.779,37.7,0.865917,0.989826,7.3269,3.9787
352.5,101325.0,0.562,14,6,2.672,39.5,0.923883,0.992254,6.8396,7.065
371.5,101325.0,0.7836,14,8,3.061,37.1,0.998352,0.580493,7.745,4.5057
361.2,101325.0,0.6876,18,9,2.824,43.6,0.997727,0.713571,6.5403,5.7246
374.7,101325.0,0.2371,13,8,3.421,51.1,0.480775,0.996083,7.087,6.7104
362.5,101325.0,0.4005,13,4,3.96,43.2,0.701779,0.995624,8.9997,9.1335
383.2,101325.0,0.2113,13,4,3.687,48.8,0.40881,0.995923,7.9153,4.5482
341.3,101325.0,0.7538,12,4,1.609,50.2,0.994721,0.485201,3.9426,4.1995
361.1,101325.0,0.28,11,5,3.251,65.1,0.737405,0.965212,4.715,4.9398
383.9,101325.0,0.7689,12,4,3.222,60.4,0.997524,0.380993,5.0703,1.6787
362.2,101325.0,0.7661,17,8,2.937,47.9,0.997891,0.486015,6.2199,3.4674
351.7,101325.0,0.5648,14,7,3.809,62.3,0.997676,0.697149,5.4979,5.7021
352.0,101325.0,0.7911,12,5,3.951,49.5,0.999313,0.421319,7.5794,7.6665
365.0,101325.0,0.4205,17,7,3.745,68.9,0.994679,0.838666,4.478,4.5616
340.8,101325.0,0.3563,20,12,3.943,68.9,0.994267,0.931705,4.6652,5.1764
375.4,101325.0,0.3513,12,6,2.153,54.2,0.683776,0.929648,4.6246,1.6327
359.3,101325.0,0.6239,13,8,3.393,35.7,0.963321,0.987377,8.6283,8.7229
365.0,101325.0,0.6119,11,6,2.583,58.2,0.991904,0.661022,4.5474,2.9274
378.8,101325.0,0.6467,13,6,2.518,57.0,0.987973,0.61075,4.597,1.2652
372.3,101325.0,0.6091,19,10,3.443,41.8,0.99632,0.930058,7.8439,4.623
365.5,101325.0,0.4501,18,8,3.104,40.8,0.760132,0.999748,7.6949,7.7604
358.7,101325.0,0.6314,15,9,3.383,33.9,0.95386,0.997283,8.8667,8.9663
341.7,101325.0,0.7848,13,8,3.8,56.6,0.999252,0.379638,6.3152,6.5491
382.1,101325.0,0.2119,14,8,2.312,59.2,0.451113,0.952963,4.4416,1.0873
354.8,101325.0,0.7782,13,5,2.017,41.5,0.997423,0.530825,5.3525,5.4092
347.5,101325.0,0.4227,16,8,2.983,47.6,0.805269,0.998443,6.563,6.93
383.4,101325.0,0.303,19,9,2.107,50.9,0.588096,0.972014,4.945,1.5727
355.1,101325.0,0.5598,11,4,2.385,33.8,0.826856,0.963248,7.0213,7.1914
358.0,101325.0,0.2291,18,8,2.647,49.3,0.45165,0.999769,6.0774,6.367
360.9,101325.0,0.4657,11,5,3.17,31.0,0.667297,0.983015,9.235,9.3494
348.8,101325.0,0.6428,18,8,2.481,63.8,0.996127,0.557677,3.8226,4.0224
340.3,101325.0,0.6698,19,9,3.993,54.7,0.998855,0.602708,6.8573,7.1725
355.6,101325.0,0.6471,17,10,2.587,35.3,0.995269,0.99092,7.0415,7.185
361.7,101325.0,0.4463,16,8,3.133,63.2,0.993359,0.872227,4.6166,4.7468
377.0,101325.0,0.2427,15,8,3.458,32.9,0.361477,0.999548,9.9002,7.9552
344.3,101325.0,0.4697,12,7,1.844,45.8,0.835049,0.962653,4.8231,5.2086
379.6,101325.0,0.3662,19,5,2.978,38.4,0.594354,0.999795,7.9373,4.6078
346.4,101325.0,0.7974,10,5,2.386,39.1,0.996933,0.513382,6.2543,6.4229
359.9,101325.0,0.5102,11,6,1.786,66.4,0.971405,0.723179,2.8546,2.9594
369.2,101325.0,0.402,19,11,2.577,46.0,0.744164,0.999668,6.1325,5.7061
350.0,101325.0,0.7176,17,8,1.88,38.2,0.995968,0.732744,5.3994,5.564
340.5,101325.0,0.3012,17,5,2.905,40.8,0.508611,0.999749,7.5581,8.0781
360.1,101325.0,0.3399,17,5,2.09,46.9,0.639187,0.998949,5.2856,5.4874
350.8,101325.0,0.5225,12,5,1.764,39.4,0.839932,0.965728,5.2366,5.4947
354.3,101325.0,0.338,20,11,2.897,51.4,0.695322,0.999855,6.0556,6.3568
368.7,101325.0,0.7675,18,10,1.817,58.1,0.988656,0.391991,3.5863,0.3669
374.4,101325.0,0.6445,10,5,2.383,67.4,0.982373,0.518921,3.3554,0.0668
343.2,101325.0,0.5876,18,12,3.444,51.4,0.997914,0.800354,6.5492,6.8815
354.8,101325.0,0.3999,14,9,1.687,37.2,0.633791,0.994947,5.4396,5.6864
357.5,101325.0,0.3297,20,8,2.69,55.3,0.737201,0.999687,5.2421,5.502
381.9,101325.0,0.439,17,7,3.805,43.4,0.774988,0.999173,8.5937,5.2496
370.1,101325.0,0.3629,16,5,2.34,48.5,0.702478,0.997681,5.4943,5.2448
344.9,101325.0,0.3759,15,8,1.552,30.6,0.540924,0.998369,5.7712,6.1749
348.4,101325.0,0.6031,11,6,1.725,46.2,0.971389,0.825788,4.4707,4.7197
360.8,101325.0,0.6945,14,8,1.645,32.6,0.988033,0.912308,5.4174,4.7489
365.9,101325.0,0.7763,19,5,1.594,58.6,0.984448,0.370753,3.2659,0.0773
356.3,101325.0,0.2511,13,7,2.083,47.6,0.473612,0.99385,5.2994,5.6026
380.3,101325.0,0.3882,19,9,2.436,31.4,0.565813,0.999832,7.6599,4.3146
345.1,101325.0,0.525,18,8,3.587,58.9,0.997229,0.804492,5.7176,6.0532
364.8,101325.0,0.3101,12,7,3.985,36.8,0.488064,0.995534,10.3209,10.4488
342.2,101325.0,0.5801,11,4,1.619,36.2,0.869434,0.929828,5.1968,5.5495
375.1,101325.0,0.7299,15,8,3.328,47.4,0.997792,0.56738,6.9034,3.6185
376.2,101325.0,0.6828,12,3,2.111,36.7,0.981732,0.832775,5.9922,2.7123
356.6,101325.0,0.3768,18,11,2.616,62.9,0.977058,0.977276,4.0861,4.3514
352.7,101325.0,0.7453,19,10,2.229,34.8,0.997768,0.727714,6.3843,6.4971
354.5,101325.0,0.2031,17,5,3.138,38.6,0.330709,0.999884,8.4251,8.7794
356.1,101325.0,0.3014,16,4,2.821,40.0,0.502,0.999499,7.5004,7.7758
377.0,101325.0,0.2424,12,4,3.184,57.4,0.548561,0.98482,5.8032,3.8805
368.6,101325.0,0.6838,16,9,2.128,53.1,0.986278,0.58336,4.4597,1.2457
342.3,101325.0,0.6898,19,9,2.415,31.4,0.997471,0.982474,7.1046,7.4187
350.0,101325.0,0.4369,12,6,1.536,32.6,0.639861,0.982717,5.5057,5.8028
349.9,101325.0,0.5564,11,4,2.105,32.7,0.807736,0.960874,6.5685,6.8158
355.0,101325.0,0.6233,14,5,3.284,46.3,0.997809,0.811072,6.9761,7.1181
375.1,101325.0,0.4992,20,6,3.16,48.8,0.970054,0.99474,6.497,3.2548
377.7,101325.0,0.6141,15,7,2.188,52.2,0.972777,0.714343,4.6456,1.3336
342.6,101325.0,0.4877,16,6,2.429,55.8,0.99094,0.910906,4.6028,5.0113
379.8,101325.0,0.2935,17,6,3.213,39.7,0.48646,0.999584,8.3236,4.9915
368.2,101325.0,0.364,12,5,2.558,36.3,0.566342,0.991073,7.3649,7.4121
362.9,101325.0,0.5831,11,4,1.82,68.6,0.985238,0.600968,2.6924,2.6309
382.3,101325.0,0.6964,16,9,3.348,51.1,0.997053,0.591308,6.4485,3.0791
358.0,101325.0,0.3899,11,5,3.829,50.2,0.760624,0.977868,7.616,7.8314
340.4,101325.0,0.3373,12,6,1.835,63.7,0.816259,0.935639,3.2302,3.7467
382.2,101325.0,0.3393,19,7,2.301,31.8,0.497427,0.999827,7.3685,3.9988
382.1,101325.0,0.4457,11,3,2.013,30.6,0.628242,0.9683,6.7452,3.3754
371.2,101325.0,0.6382,18,11,3.113,44.4,0.995572,0.809304,6.938,3.7143
374.5,101325.0,0.5628,20,8,2.538,67.8,0.96733,0.629323,3.477,0.1907
353.1,101325.0,0.252,20,7,3.059,58.0,0.599758,0.999823,5.5184,5.8842
383.5,101325.0,0.6024,18,6,3.247,67.1,0.990496,0.587888,4.2438,0.8503
354.1,101325.0,0.2664,11,4,1.511,39.0,0.424654,0.981125,5.0459,5.3678
380.5,101325.0,0.463,13,5,3.929,40.4,0.772299,0.993291,9.2867,5.9564
363.3,101325.0,0.6897,14,5,3.756,63.8,0.997901,0.485172,5.2207,3.1972
345.2,101325.0,0.635,19,7,3.92,45.1,0.998776,0.807823,8.1891,8.4699
377.6,101325.0,0.7852,11,7,2.55,49.9,0.9966,0.427047,5.3947,2.0794
384.6,101325.0,0.5167,19,7,1.676,30.0,0.737561,0.998637,5.953,2.5632
370.6,101325.0,0.5864,10,4,1.981,55.0,0.939745,0.702701,4.1171,0.8838
368.9,101325.0,0.3828,18,11,3.393,40.5,0.643259,0.999848,8.4157,8.4074
345.8,101325.0,0.2024,11,4,3.533,64.6,0.539129,0.982123,5.2299,5.7375
367.4,101325.0,0.7006,12,4,3.729,55.0,0.997647,0.542438,6.4534,3.2515
372.4,101325.0,0.3638,18,9,1.722,41.7,0.623126,0.998758,5.1224,3.7387
377.6,101325.0,0.5072,18,7,2.224,67.4,0.904948,0.685183,3.2476,0.075
372.9,101325.0,0.3474,18,11,2.169,68.6,0.843755,0.879795,3.1089,1.7379
343.7,101325.0,0.4693,18,5,3.906,62.8,0.9969,0.843217,5.5354,5.9257
371.3,101325.0,0.5409,19,11,2.742,53.6,0.978141,0.837609,5.2873,2.0645
367.4,101325.0,0.2908,15,9,1.583,30.5,0.417932,0.998893,5.917,6.0075
354.0,101325.0,0.4099,18,5,2.294,64.7,0.979426,0.900845,3.5399,3.8127
365.3,101325.0,0.3854,11,6,3.333,44.3,0.676464,0.980564,7.7367,7.8298
378.7,101325.0,0.7957,18,10,1.691,47.6,0.989871,0.418051,4.2833,0.9562
344.7,101325.0,0.4819,17,11,2.03,42.0,0.829806,0.998535,5.5037,5.8805
361.9,101325.0,0.6709,17,7,3.94,48.7,0.998697,0.674397,7.6834,6.7371
383.9,101325.0,0.332,15,9,2.4,37.5,0.529468,0.997112,6.9328,3.5465
371.6,101325.0,0.2076,18,12,3.82,51.2,0.425285,0.999881,7.7483,7.8257
360.0,101325.0,0.4681,11,3,3.202,44.0,0.813183,0.971094,7.3899,7.5348
354.5,101325.0,0.7448,12,7,1.712,30.8,0.991906,0.810354,5.6982,5.7906
361.8,101325.0,0.4086,16,5,3.112,32.6,0.606019,0.99956,8.9647,9.0928
349.9,101325.0,0.372,18,7,1.521,64.9,0.896373,0.911595,2.7386,3.0908
354.0,101325.0,0.388,11,4,2.038,36.7,0.599233,0.976332,6.2254,6.4861
345.6,101325.0,0.3382,18,7,1.76,42.5,0.587831,0.999535,5.1444,5.5691
348.5,101325.0,0.4825,14,9,3.361,63.5,0.995366,0.812297,4.8295,5.1358
369.6,101325.0,0.6817,19,12,2.471,62.3,0.990147,0.504952,3.9747,0.7436
367.8,101325.0,0.7714,19,9,3.642,48.2,0.998655,0.472828,7.2903,4.0855
355.4,101325.0,0.7529,17,7,1.742,62.0,0.995383,0.395718,3.1613,3.2116
352.4,101325.0,0.374,20,10,2.48,47.9,0.717699,0.999833,5.7787,6.0899
354.7,101325.0,0.6787,17,11,2.908,32.3,0.997313,0.98897,8.0238,8.1642
380.1,101325.0,0.3477,11,4,2.307,60.9,0.694028,0.874655,4.135,0.7957
384.4,101325.0,0.3077,13,4,2.816,46.1,0.561744,0.989326,6.6871,3.301
364.7,101325.0,0.3233,12,8,3.034,33.5,0.483348,0.994406,8.792,8.9121
378.7,101325.0,0.6672,13,8,2.071,58.3,0.979093,0.555886,3.8989,0.5652
373.7,101325.0,0.4802,12,4,3.571,35.6,0.739336,0.988572,9.3527,6.098
371.8,101325.0,0.4733,14,8,3.421,64.8,0.982265,0.803175,4.7348,1.8965
352.2,101325.0,0.5093,20,9,3.976,46.6,0.953703,0.999876,8.1325,8.3967
366.9,101325.0,0.6433,19,11,2.811,50.6,0.993843,0.698928,5.7138,2.7334
361.5,101325.0,0.596,18,12,1.737,57.6,0.987737,0.692361,3.5267,3.568
351.7,101325.0,0.244,17,9,3.128,43.1,0.428672,0.999801,7.7352,8.1133
366.2,101325.0,0.6726,14,7,2.213,40.3,0.989111,0.796274,5.8276,2.7391
359.8,101325.0,0.5401,19,8,3.468,59.3,0.99706,0.773566,5.5153,5.617
376.0,101325.0,0.6621,15,8,3.1,30.7,0.953515,0.995656,8.6963,5.4324
383.1,101325.0,0.5258,13,5,2.108,52.5,0.902804,0.815301,4.5635,1.1902
355.8,101325.0,0.759,15,4,2.442,46.6,0.998126,0.51502,5.5733,5.6219
374.8,101325.0,0.3345,10,5,2.365,40.3,0.534419,0.961657,6.5506,4.2881
355.2,101325.0,0.5901,11,4,2.297,58.9,0.991609,0.690069,4.1146,4.254
368.9,101325.0,0.7216,18,11,3.847,49.6,0.99836,0.559623,7.407,4.191
361.0,101325.0,0.6061,19,8,3.094,60.5,0.997134,0.649202,4.9045,4.9453
367.3,101325.0,0.4017,16,5,3.263,67.1,0.991302,0.887386,4.259,4.3236
373.7,101325.0,0.4741,16,4,3.588,67.4,0.9793,0.770256,4.5535,1.2917
377.4,101325.0,0.3221,17,4,2.604,33.3,0.482699,0.999579,7.8789,4.5711
378.9,101325.0,0.6554,18,5,2.327,47.5,0.987566,0.711729,5.3083,1.9851
341.9,101325.0,0.2533,15,7,2.41,42.1,0.43672,0.998957,6.4977,7.0237
371.4,101325.0,0.4216,17,8,3.934,33.3,0.631986,0.999801,10.6111,8.8052
372.0,101325.0,0.2785,13,7,2.077,35.3,0.428397,0.99624,6.5563,6.58
353.3,101325.0,0.775,11,5,3.728,44.2,0.998956,0.507731,7.9982,8.0767
376.8,101325.0,0.4363,17,8,2.401,54.9,0.848091,0.901984,4.7886,1.5007
360.2,101325.0,0.797,15,8,1.705,58.0,0.993161,0.345048,3.4486,1.155
355.1,101325.0,0.3451,20,12,2.0,42.0,0.59492,0.999889,5.6357,5.9087
345.3,101325.0,0.2604,13,6,3.771,38.4,0.421505,0.998039,9.6841,10.1503
355.0,101325.0,0.4542,16,5,1.773,55.8,0.959511,0.946078,3.7468,3.9885
362.3,101325.0,0.3923,19,9,3.824,51.2,0.803703,0.999815,7.4046,7.5588
350.2,101325.0,0.5478,19,9,2.089,64.6,0.99004,0.694542,3.3215,3.555
352.4,101325.0,0.7783,15,8,2.725,35.8,0.998783,0.617091,7.2504,7.3465
382.8,101325.0,0.2151,12,5,3.677,39.8,0.354517,0.995776,9.3227,5.9552
373.1,101325.0,0.3797,13,6,2.714,37.5,0.603869,0.993914,7.5103,5.4784
380.4,101325.0,0.6597,15,9,2.819,68.1,0.99059,0.495298,3.7,0.3415
354.8,101325.0,0.7228,19,10,3.637,45.2,0.999017,0.612083,7.7036,7.7871
358.5,101325.0,0.3359,15,7,3.425,56.8,0.773241,0.996723,6.0421,6.2853
378.3,101325.0,0.7407,11,6,3.644,53.5,0.997941,0.482883,6.5482,3.2226
364.6,101325.0,0.7659,11,7,2.91,47.5,0.997299,0.489857,6.2255,3.0563
342.1,101325.0,0.7608,13,5,3.746,36.0,0.99918,0.66299,9.2081,9.4615
343.3,101325.0,0.782,16,9,1.884,55.0,0.997057,0.393956,3.9361,4.1492
377.0,101325.0,0.5127,16,6,3.849,45.7,0.94125,0.99644,8.0787,4.8097
345.4,101325.0,0.656,11,6,3.966,59.3,0.998223,0.578881,6.1285,6.3743
380.0,101325.0,0.6367,19,10,1.957,66.4,0.968363,0.531129,3.0317,0.3225
345.2,101325.0,0.4048,15,6,1.762,35.1,0.622552,0.997822,5.7865,6.1768
370.9,101325.0,0.403,11,5,3.624,43.5,0.698169,0.980379,8.35,7.0948
340.3,101325.0,0.2394,14,6,2.012,36.8,0.377818,0.998317,6.2932,6.8486
350.7,101325.0,0.2757,14,4,3.502,64.3,0.758726,0.992479,5.0914,5.492
384.2,101325.0,0.6819,14,6,3.736,62.1,0.996853,0.510317,5.4442,2.0449
340.2,101325.0,0.4857,11,3,2.614,48.1,0.888943,0.949394,5.813,6.2543
376.3,101325.0,0.3665,17,6,3.351,65.2,0.872716,0.903696,4.7065,1.43
367.5,101325.0,0.3521,11,5,2.461,41.1,0.583641,0.979719,6.6113,6.678
351.9,101325.0,0.4344,11,3,2.803,53.4,0.875943,0.95091,5.5054,5.7981
381.5,101325.0,0.6442,15,9,1.905,68.0,0.971372,0.509764,2.8348,0.5379
341.4,101325.0,0.4921,13,5,3.103,62.5,0.994377,0.809263,4.6692,5.0766
368.5,101325.0,0.6562,18,5,3.185,59.8,0.994875,0.57147,5.1049,1.8897
376.1,101325.0,0.4436,10,6,3.653,33.0,0.646819,0.968995,10.0328,6.7393
369.0,101325.0,0.7127,11,5,2.239,56.0,0.990579,0.505632,4.3284,1.1067
380.0,101325.0,0.5813,19,6,1.549,66.0,0.911432,0.588768,2.6746,0.6817
368.0,101325.0,0.3666,14,6,2.879,68.3,0.976717,0.916588,3.7456,3.8203
364.9,101325.0,0.4478,13,5,3.971,55.2,0.97366,0.978924,6.788,6.8857
347.8,101325.0,0.3539,13,6,1.724,30.7,0.508443,0.994955,6.1719,6.5419
367.9,101325.0,0.6583,15,8,1.833,60.8,0.965842,0.539984,3.3904,0.1786
359.2,101325.0,0.5391,12,5,2.288,45.6,0.948778,0.949612,5.4798,5.6124
354.3,101325.0,0.4431,18,5,2.143,59.8,0.981042,0.918553,3.8452,4.1001
356.8,101325.0,0.5731,12,6,3.166,46.5,0.991958,0.908867,6.7672,6.9183
346.3,101325.0,0.5486,10,6,1.648,46.1,0.891984,0.852881,4.4208,4.7242
353.8,101325.0,0.2596,18,10,3.482,59.9,0.646621,0.999489,5.7842,6.1378
380.9,101325.0,0.7248,16,9,1.561,42.2,0.971902,0.613649,4.5135,1.163
347.2,101325.0,0.7047,17,5,3.216,57.1,0.998462,0.516007,5.4839,5.6787
370.5,101325.0,0.3655,12,4,3.905,63.1,0.932362,0.965966,5.5631,5.1043
372.7,101325.0,0.6896,17,9,1.596,69.3,0.974518,0.436619,2.4288,0.8418
365.4,101325.0,0.3861,15,8,3.902,57.8,0.908901,0.995573,6.3871,6.5053
373.2,101325.0,0.7027,14,4,3.843,47.7,0.998175,0.621269,7.6802,4.4187
362.1,101325.0,0.4395,14,6,2.279,54.5,0.934744,0.973932,4.5835,4.7248
358.0,101325.0,0.5052,12,4,2.552,36.2,0.782717,0.983902,7.1521,7.3048
365.0,101325.0,0.2277,14,4,1.717,44.5,0.407661,0.996746,4.9742,5.1461
381.6,101325.0,0.2711,10,6,2.609,40.5,0.436351,0.971676,7.0672,3.7089
369.6,101325.0,0.486,12,4,3.82,55.1,0.986151,0.921606,6.5792,4.6992
352.3,101325.0,0.4394,13,8,2.122,32.7,0.649745,0.993511,6.7592,7.0218
370.0,101325.0,0.4634,13,6,2.866,33.4,0.69278,0.993985,8.2353,6.4821
383.0,101325.0,0.4308,17,6,1.581,45.5,0.704394,0.896912,4.4918,1.1142
358.7,101325.0,0.7827,10,4,2.987,62.5,0.998209,0.346606,4.5335,3.5373
383.1,101325.0,0.5095,19,7,3.382,66.6,0.980968,0.726942,4.4542,1.0738
379.7,101325.0,0.6153,11,4,3.596,47.2,0.992971,0.807202,7.3664,4.0427
355.7,101325.0,0.7741,11,5,2.9,65.3,0.998454,0.34512,4.1032,4.1394
368.3,101325.0,0.2258,10,3,1.976,43.9,0.3821,0.973936,5.5177,5.6322
349.2,101325.0,0.3928,17,9,3.306,68.3,0.992147,0.885373,4.1443,4.4977
359.8,101325.0,0.4952,10,5,2.596,52.7,0.924024,0.889674,5.2365,5.3701
383.3,101325.0,0.2242,13,8,2.172,42.9,0.385765,0.990842,5.9844,2.6107
376.9,101325.0,0.7226,18,8,3.778,60.0,0.99781,0.460873,5.7956,2.4827
366.6,101325.0,0.6302,11,6,3.058,38.9,0.976558,0.913773,7.5528,4.9299
384.3,101325.0,0.4967,18,10,3.012,69.9,0.959761,0.702703,3.6914,0.2913
342.0,101325.0,0.6648,11,7,1.781,66.5,0.991976,0.500018,2.8287,3.1133
341.2,101325.0,0.2656,14,8,3.948,39.1,0.435503,0.99903,9.9179,10.4454
370.8,101325.0,0.3229,15,8,2.597,35.5,0.5001,0.999055,7.5916,7.6148
350.9,101325.0,0.4853,18,11,3.682,37.2,0.772682,0.999848,9.2944,9.5679
359.7,101325.0,0.3408,10,6,3.487,64.8,0.843918,0.932494,4.9344,5.1496
367.8,101325.0,0.3484,20,10,3.785,68.1,0.992177,0.953137,4.6344,4.7303
374.4,101325.0,0.3605,19,9,2.053,49.6,0.707754,0.992353,4.9112,2.4476
377.3,101325.0,0.4114,16,8,2.593,44.7,0.73892,0.993784,6.3132,3.0233
360.6,101325.0,0.4418,14,7,1.753,31.5,0.643108,0.995964,6.0718,6.2031
367.8,101325.0,0.6992,13,7,2.396,32.2,0.989328,0.911629,6.9949,3.8192
359.8,101325.0,0.7955,16,10,3.463,41.3,0.999061,0.493822,7.9421,5.9172
383.1,101325.0,0.3561,13,4,2.019,34.7,0.53983,0.98965,6.4247,3.0452
372.6,101325.0,0.7898,12,3,3.85,34.4,0.998913,0.608977,9.6457,6.396
345.6,101325.0,0.2157,13,7,2.696,67.8,0.636664,0.984226,3.835,4.3435
368.6,101325.0,0.5088,19,7,2.331,48.9,0.975106,0.978519,5.1866,3.4521
345.0,101325.0,0.7929,13,4,2.117,38.0,0.997967,0.541682,5.8601,6.0518
373.8,101325.0,0.5049,13,8,3.77,53.3,0.986993,0.917535,6.7707,3.5321
381.1,101325.0,0.7439,14,5,3.181,56.1,0.997254,0.454357,5.5666,2.2076
364.1,101325.0,0.3449,13,5,2.072,69.2,0.904761,0.904285,2.9237,3.0647
356.8,101325.0,0.3202,18,10,2.638,61.9,0.835778,0.997134,4.3364,4.6216
382.4,101325.0,0.389,17,8,2.8,36.4,0.611238,0.999304,7.8125,4.4468
369.2,101325.0,0.4255,15,4,1.92,61.2,0.928301,0.893264,3.4851,2.7029
373.9,101325.0,0.2909,15,5,3.239,61.2,0.739085,0.99324,5.2258,4.3119
378.2,101325.0,0.3887,20,6,2.76,45.6,0.713794,0.999129,6.523,3.2223
360.1,101325.0,0.5374,18,8,3.065,64.6,0.995725,0.713756,4.3657,4.4558
344.8,101325.0,0.5173,18,10,1.769,31.2,0.751721,0.999626,6.0415,6.384
364.3,101325.0,0.4603,17,6,1.747,66.6,0.963882,0.792244,2.8022,2.8696
376.7,101325.0,0.659,18,10,3.297,33.2,0.985922,0.998642,8.7265,5.4602
370.9,101325.0,0.5351,15,9,3.958,43.7,0.946694,0.995113,8.5552,5.3578
365.1,101325.0,0.5123,12,3,1.686,62.2,0.966246,0.763568,3.0995,2.9701
369.1,101325.0,0.3546,13,6,3.744,67.0,0.977215,0.952098,4.7682,4.8387
343.9,101325.0,0.6601,12,4,2.209,47.3,0.99488,0.712902,5.1315,5.409
375.3,101325.0,0.6235,16,10,3.373,34.2,0.946469,0.997839,8.8195,5.565
370.6,101325.0,0.5896,10,5,3.965,44.1,0.97221,0.895342,8.4622,5.2541
350.3,101325.0,0.7731,17,7,2.906,41.1,0.998879,0.550461,6.9749,7.0997
353.5,101325.0,0.5565,12,4,3.978,54.9,0.996995,0.805373,6.8092,7.004
370.4,101325.0,0.7258,13,5,1.673,37.2,0.980347,0.703918,5.1094,1.8855
342.1,101325.0,0.7055,18,10,3.788,45.8,0.999029,0.641864,7.8674,8.1442
368.8,101325.0,0.6309,16,6,1.572,34.8,0.925268,0.920621,5.1615,1.9697
367.4,101325.0,0.7893,13,5,1.614,54.0,0.987391,0.379444,3.6545,0.4511
363.6,101325.0,0.5893,11,6,2.723,33.6,0.868742,0.962929,7.6895,7.1596
344.8,101325.0,0.7961,20,11,2.528,31.3,0.998808,0.648822,7.3482,7.5469
349.8,101325.0,0.2211,13,7,2.573,60.9,0.550616,0.990461,4.5476,4.9811
372.1,101325.0,0.6852,18,8,2.917,35.4,0.996576,0.883017,7.6752,4.4492
374.8,101325.0,0.6195,19,5,1.784,34.8,0.939464,0.979948,5.5713,2.3197
348.4,101325.0,0.4784,11,5,2.717,33.1,0.704079,0.977729,7.941,8.2447
341.7,101325.0,0.3505,17,4,1.776,61.0,0.871748,0.982766,3.3658,3.8684
348.0,101325.0,0.5424,14,9,3.516,59.2,0.997065,0.77095,5.5882,5.8674
343.4,101325.0,0.754,14,5,3.039,45.1,0.998802,0.543996,6.7227,6.9534
350.9,101325.0,0.2234,19,11,1.535,64.9,0.624329,0.993434,2.8717,3.292
376.4,101325.0,0.5556,13,8,3.253,34.1,0.838393,0.990908,8.7646,5.4847
378.6,101325.0,0.2034,16,7,3.143,64.9,0.554436,0.986451,4.7317,2.3584
361.5,101325.0,0.5542,16,8,3.102,30.4,0.795966,0.999314,8.9914,9.0658
374.9,101325.0,0.5777,18,7,2.336,66.4,0.962412,0.616975,3.4245,0.1329
361.9,101325.0,0.5286,11,3,2.598,57.7,0.987363,0.807735,4.6256,4.7041
380.5,101325.0,0.2265,12,4,3.107,60.7,0.528372,0.968946,5.2664,1.9373
352.7,101325.0,0.4611,17,11,3.325,61.5,0.995208,0.873251,5.0522,5.3155
342.9,101325.0,0.6815,14,8,3.205,66.2,0.998067,0.480131,4.3097,4.5733
362.0,101325.0,0.5338,11,4,3.435,60.3,0.994367,0.769431,5.3432,5.4129
354.2,101325.0,0.419,13,7,3.687,58.2,0.968476,0.975695,5.9781,6.2573
370.3,101325.0,0.3047,12,4,1.71,34.8,0.462172,0.990333,5.8022,5.8402
364.4,101325.0,0.358,10,4,2.933,55.2,0.732553,0.945983,5.6037,5.7277
341.8,101325.0,0.3055,10,4,2.56,56.1,0.634576,0.952011,5.0374,5.5409
349.7,101325.0,0.2733,20,12,3.019,62.7,0.731899,0.999516,4.7681,5.1852
368.1,101325.0,0.6005,19,9,2.851,64.3,0.989261,0.615343,4.1767,1.2598
341.1,101325.0,0.2336,10,3,2.493,34.2,0.34596,0.982578,7.6145,8.1579
366.3,101325.0,0.2332,16,5,1.956,61.9,0.601457,0.993464,3.6449,3.8074
347.0,101325.0,0.5838,11,6,3.137,61.8,0.995813,0.670874,4.7943,5.0569
340.1,101325.0,0.3403,14,4,2.965,39.3,0.559337,0.998008,7.8269,8.3309
358.7,101325.0,0.615,17,10,3.833,45.1,0.998548,0.851887,8.0447,8.1398
353.8,101325.0,0.6398,20,10,2.341,62.2,0.995515,0.576374,3.8315,3.9602
343.4,101325.0,0.7664,17,10,3.609,59.4,0.99908,0.392637,5.6729,5.8906
356.0,101325.0,0.7069,15,7,3.89,42.6,0.999066,0.686769,8.5093,8.5873
343.6,101325.0,0.2655,15,5,2.558,67.9,0.796289,0.985429,3.5967,4.116
374.2,101325.0,0.3545,16,8,1.605,58.5,0.690132,0.883598,3.459,1.214
357.4,101325.0,0.4598,16,10,2.5,36.2,0.720141,0.999032,7.1146,7.2961
377.7,101325.0,0.6998,19,6,2.051,44.8,0.987384,0.654543,5.1185,1.807
362.9,101325.0,0.4705,18,7,3.988,43.5,0.832579,0.999783,8.8218,8.9264
364.1,101325.0,0.3649,15,6,2.655,44.6,0.657007,0.99794,6.5078,6.6323
381.8,101325.0,0.5267,15,7,1.647,41.7,0.830306,0.897767,4.8325,1.4779
380.0,101325.0,0.4576,11,4,3.797,51.5,0.89314,0.95256,7.2047,3.8891
380.0,101325.0,0.6472,13,3,3.363,36.1,0.989401,0.958429,8.4696,5.1606
369.8,101325.0,0.3783,14,5,1.517,40.7,0.632503,0.992073,4.8122,4.4553
379.1,101325.0,0.2509,13,8,2.67,60.9,0.562618,0.949234,4.6649,1.3497
366.4,101325.0,0.6027,18,12,2.953,37.9,0.969828,0.998749,7.4883,5.3825
359.6,101325.0,0.2555,18,12,2.681,65.0,0.725225,0.997426,4.1018,4.3706
363.1,101325.0,0.3112,17,4,3.666,66.8,0.928006,0.995322,4.7655,4.9617
349.3,101325.0,0.5163,16,5,2.108,60.4,0.988569,0.79333,3.7396,4.0143
374.7,101325.0,0.6812,18,11,1.778,30.2,0.968743,0.983321,5.9163,2.6675
362.4,101325.0,0.3231,16,6,3.927,60.0,0.804886,0.998085,6.1977,6.3891
341.7,101325.0,0.6294,19,10,1.8,43.9,0.992492,0.834565,4.7688,5.1056
377.3,101325.0,0.3192,18,8,2.516,37.0,0.506421,0.999582,7.2436,3.9404
357.5,101325.0,0.4754,18,6,3.323,50.4,0.957523,0.999005,6.5574,6.759
376.9,101325.0,0.5789,11,5,2.25,31.3,0.82062,0.951646,7.0032,3.709
343.5,101325.0,0.2899,12,7,3.944,59.1,0.691992,0.988365,6.4683,6.9663
341.0,101325.0,0.7793,19,8,1.727,39.9,0.996683,0.548137,4.9711,5.225
380.6,101325.0,0.6065,19,6,3.072,67.7,0.988994,0.575989,3.996,0.6363
371.1,101325.0,0.362,11,3,2.304,50.9,0.697031,0.961181,5.1857,4.4772
372.9,101325.0,0.7636,18,6,1.638,44.2,0.985315,0.516303,4.4757,1.2149
348.0,101325.0,0.5177,14,8,1.5,32.0,0.757926,0.992777,5.386,5.6807
341.9,101325.0,0.6347,18,5,2.607,54.9,0.996792,0.662756,4.9341,5.2475
372.0,101325.0,0.2624,14,4,3.583,37.8,0.42123,0.998955,9.3933,9.4272
358.8,101325.0,0.6146,17,4,3.455,48.3,0.998138,0.795941,6.9839,7.0708
377.3,101325.0,0.5078,14,4,3.776,37.3,0.807655,0.996243,9.4129,6.1227
369.6,101325.0,0.2794,11,7,2.858,62.7,0.690417,0.965111,4.6042,4.687
376.9,101325.0,0.377,13,4,1.627,48.2,0.639292,0.904882,4.3835,1.081
377.3,101325.0,0.4955,14,5,3.391,44.9,0.890698,0.989466,7.4958,4.2166
371.1,101325.0,0.5581,18,7,2.314,31.1,0.809665,0.99922,7.175,3.954
347.3,101325.0,0.6018,11,6,2.719,43.1,0.981381,0.899262,6.4395,6.7157
364.8,101325.0,0.3365,18,5,2.842,62.2,0.884913,0.99676,4.5042,4.6563
380.1,101325.0,0.3534,15,4,2.834,39.6,0.583465,0.997507,7.5104,4.1752
378.3,101325.0,0.4707,12,6,1.631,63.9,0.792901,0.711326,2.9927,0.3412
376.1,101325.0,0.6561,14,4,2.631,51.3,0.991712,0.662501,5.3693,2.0745
366.6,101325.0,0.2115,12,7,3.098,44.4,0.376573,0.995213,7.5332,7.687
353.8,101325.0,0.7425,19,9,2.758,49.1,0.998395,0.522776,5.7998,5.8843
364.7,101325.0,0.5291,16,8,1.708,61.5,0.976073,0.75071,3.1762,2.9947
355.4,101325.0,0.6717,12,7,3.945,69.5,0.998435,0.471687,4.573,4.6573
355.5,101325.0,0.2258,17,7,3.033,37.3,0.360051,0.999871,8.3698,8.6938
360.0,101325.0,0.206,11,5,2.336,49.7,0.395731,0.986021,5.5402,5.8074
373.3,101325.0,0.2344,10,6,1.602,35.8,0.351004,0.974705,5.5324,5.555
345.5,101325.0,0.3616,12,7,1.739,45.6,0.646895,0.978749,4.7951,5.2101
371.9,101325.0,0.4936,14,7,3.564,60.3,0.986172,0.830698,5.5082,2.2923
340.4,101325.0,0.5331,15,6,2.778,55.5,0.995184,0.837395,5.101,5.5067
347.1,101325.0,0.4834,11,5,3.605,55.4,0.980741,0.917027,6.2509,6.5945
347.9,101325.0,0.7058,20,7,2.309,50.2,0.997143,0.583221,4.9978,5.1867
350.9,101325.0,0.7097,20,10,3.551,43.7,0.998931,0.662926,7.7678,7.9176
340.8,101325.0,0.7264,15,9,3.402,40.7,0.998949,0.670705,7.9138,8.2018
349.6,101325.0,0.5121,12,6,2.12,41.8,0.858286,0.969905,5.6588,5.9439
344.5,101325.0,0.7799,15,4,3.485,43.1,0.999231,0.509657,7.7363,7.9388
379.1,101325.0,0.2858,15,6,3.044,67.7,0.685476,0.904888,4.1821,0.864
359.2,101325.0,0.303,18,9,1.592,47.4,0.57524,0.999104,4.4259,4.6587
379.5,101325.0,0.6514,11,5,2.156,68.7,0.980165,0.498387,3.0068,0.3422
349.4,101325.0,0.2772,16,7,2.404,57.9,0.654361,0.997038,4.6075,5.0198
370.8,101325.0,0.5892,12,8,2.249,58.8,0.966399,0.675095,4.0862,0.8493
359.2,101325.0,0.3809,13,3,3.501,58.0,0.886743,0.985389,5.8611,6.0766
355.7,101325.0,0.2948,16,7,2.139,44.5,0.530318,0.998935,5.6832,5.9725
345.0,101325.0,0.6539,16,10,2.532,35.8,0.996607,0.960764,6.878,7.1701
340.7,101325.0,0.6322,19,10,3.145,65.0,0.997545,0.564524,4.3995,4.7222
341.6,101325.0,0.3083,18,7,2.137,68.0,0.908235,0.974025,3.0998,3.6298
356.2,101325.0,0.3156,15,6,3.375,35.7,0.490471,0.999363,9.2135,9.4765
357.2,101325.0,0.4111,13,3,2.303,67.4,0.972297,0.86034,3.283,3.4969
376.6,101325.0,0.3113,17,5,3.72,69.2,0.832861,0.920844,4.5504,1.433
367.5,101325.0,0.7889,12,4,3.841,68.9,0.998355,0.305643,4.5649,1.3577
366.3,101325.0,0.7885,18,9,3.646,33.5,0.999052,0.629461,9.3664,6.1875
356.5,101325.0,0.5849,18,10,1.52,49.7,0.981937,0.816909,3.8569,3.9933
369.5,101325.0,0.3624,20,13,3.488,59.0,0.88334,0.99959,5.7085,5.7606
361.4,101325.0,0.7121,14,7,3.891,59.7,0.998591,0.481293,5.9761,4.5823
379.1,101325.0,0.7074,11,7,2.753,47.6,0.99472,0.608892,5.9675,2.6374
349.1,101325.0,0.3773,14,5,2.772,34.3,0.573242,0.998017,8.0468,8.3892
362.3,101325.0,0.292,19,11,2.496,49.1,0.573464,0.999782,5.7778,5.9675
340.9,101325.0,0.5111,16,9,3.992,67.4,0.997296,0.724063,4.9355,5.3284
381.2,101325.0,0.549,15,5,2.957,62.1,0.980963,0.71463,4.5642,1.2075
350.1,101325.0,0.6514,13,3,3.693,55.8,0.998395,0.623459,6.2894,6.4723
341.4,101325.0,0.4904,17,9,3.375,50.6,0.988584,0.995869,6.5668,7.0071
350.0,101325.0,0.6299,13,8,1.684,67.0,0.98901,0.546974,2.691,2.8772
368.3,101325.0,0.2638,19,7,3.159,51.5,0.543766,0.999856,6.5709,6.6774
344.2,101325.0,0.3747,13,7,3.413,68.2,0.986934,0.910785,4.2655,4.7099
365.8,101325.0,0.7817,12,6,3.565,37.6,0.998679,0.578393,8.6364,5.4598
345.4,101325.0,0.5845,17,9,3.63,30.2,0.837269,0.999711,10.1081,10.4141
353.5,101325.0,0.4586,12,4,1.907,62.9,0.962337,0.838518,3.295,3.5389
369.0,101325.0,0.2149,12,5,3.754,46.3,0.396498,0.995722,8.4284,8.5416
369.9,101325.0,0.3439,11,4,1.982,48.5,0.635774,0.966027,4.9493,4.9857
374.7,101325.0,0.493,12,7,3.541,53.5,0.971066,0.922548,6.4396,3.1898
351.4,101325.0,0.7859,16,9,2.547,59.1,0.998398,0.361158,4.3986,4.4937
372.4,101325.0,0.6259,17,10,3.212,39.9,0.995775,0.931248,7.6797,4.4572
379.3,101325.0,0.6408,19,5,2.836,69.2,0.989003,0.51418,3.5896,0.2433
340.6,101325.0,0.7099,15,7,3.657,52.5,0.998894,0.55157,6.7064,6.996
372.6,101325.0,0.3262,15,9,2.477,37.6,0.521953,0.998666,7.0839,6.2117
343.1,101325.0,0.384,12,4,2.551,62.0,0.919862,0.944435,4.1576,4.6157
362.1,101325.0,0.4104,19,9,3.977,55.9,0.930138,0.999582,6.7491,6.9102
371.5,101325.0,0.6113,14,4,2.97,38.1,0.974817,0.979216,7.4885,4.2808
341.0,101325.0,0.5363,12,7,1.518,34.4,0.801282,0.969011,5.1976,5.5887
368.1,101325.0,0.22,11,7,3.374,47.3,0.408733,0.990279,7.6032,7.7285
375.7,101325.0,0.3856,20,11,1.632,34.6,0.588959,0.998782,5.5791,2.2942
373.5,101325.0,0.4913,13,7,2.244,41.2,0.813527,0.968575,5.9901,2.7441
342.1,101325.0,0.2724,16,4,2.324,50.7,0.551162,0.998664,5.334,5.8542
351.9,101325.0,0.3625,11,4,3.446,44.8,0.64277,0.982832,7.9022,8.2177
372.7,101325.0,0.4185,19,7,2.889,38.0,0.674883,0.999807,7.731,5.2808
371.9,101325.0,0.7249,14,7,1.678,54.1,0.977696,0.489579,3.7435,0.4887
351.4,101325.0,0.6158,11,5,2.183,61.9,0.992679,0.616172,3.6816,3.8593
348.1,101325.0,0.4259,14,8,1.959,52.9,0.880111,0.978498,4.3262,4.6872
355.3,101325.0,0.3011,11,4,2.065,34.2,0.450015,0.985409,6.6297,6.9112
374.3,101325.0,0.578,15,7,1.566,68.2,0.918787,0.580901,2.5147,0.7748
342.5,101325.0,0.407,15,7,3.371,56.6,0.929992,0.993991,5.8334,6.2985
343.7,101325.0,0.2539,13,4,2.599,53.1,0.534054,0.993542,5.5042,6.0102
360.0,101325.0,0.483,14,5,3.684,69.7,0.995821,0.739933,4.3056,4.4241
370.3,101325.0,0.3081,11,3,3.539,41.3,0.516664,0.988333,8.704,8.7456
346.7,101325.0,0.2279,15,7,1.794,54.1,0.492133,0.996282,4.1996,4.6737
360.4,101325.0,0.4823,17,7,2.076,66.5,0.983031,0.769947,3.1347,3.2512
372.2,101325.0,0.4292,18,8,3.491,63.5,0.982522,0.888851,4.9871,2.654
359.9,101325.0,0.7619,12,6,1.858,41.5,0.994838,0.566457,5.0733,3.6658
383.7,101325.0,0.3509,15,7,2.922,58.6,0.774357,0.948267,5.1312,1.7634
372.3,101325.0,0.5076,11,4,1.929,46.6,0.838045,0.871064,4.8914,1.6494
346.5,101325.0,0.765,19,8,3.546,36.0,0.999254,0.651451,8.8199,9.0084
371.8,101325.0,0.5955,14,8,1.961,58.6,0.946136,0.652222,3.7575,0.5059
348.7,101325.0,0.4245,16,7,2.99,50.8,0.860464,0.997722,6.1153,6.4692
384.8,101325.0,0.2475,14,6,3.724,53.2,0.523372,0.995184,7.2173,3.8324
381.1,101325.0,0.6694,10,4,2.903,43.1,0.988555,0.751961,6.7479,3.4035
367.7,101325.0,0.5559,17,8,2.651,30.1,0.795026,0.99941,8.0385,6.0004
351.4,101325.0,0.7968,14,8,3.763,40.9,0.999389,0.495939,8.5332,8.6301
345.8,101325.0,0.7951,17,5,2.263,56.6,0.998148,0.360594,4.294,4.4655
343.5,101325.0,0.7109,15,8,3.178,49.1,0.998599,0.587346,6.4477,6.698
379.1,101325.0,0.4533,15,9,3.092,30.5,0.651629,0.998629,9.1467,5.8186
369.8,101325.0,0.3341,14,5,3.566,65.7,0.938142,0.981283,4.8083,4.8812
344.0,101325.0,0.6979,11,6,3.767,61.0,0.998501,0.494287,5.6368,5.879
351.6,101325.0,0.357,18,5,1.733,53.7,0.76776,0.997149,4.003,4.342
372.5,101325.0,0.5242,18,11,2.782,59.7,0.97074,0.777237,4.6485,1.4024
346.6,101325.0,0.3203,17,10,3.418,63.3,0.868459,0.997497,5.0437,5.4918
350.1,101325.0,0.7087,18,8,3.697,39.5,0.999051,0.736015,8.6149,8.7827
343.7,101325.0,0.4618,12,6,2.002,47.0,0.840386,0.965111,4.9738,5.3739
373.0,101325.0,0.6173,17,6,1.892,38.4,0.955668,0.925505,5.4502,2.2151
363.6,101325.0,0.7063,12,6,3.997,64.7,0.998081,0.452894,5.3487,2.9113
372.1,101325.0,0.5276,10,3,2.06,43.4,0.835166,0.87351,5.4191,2.1784
371.2,101325.0,0.5271,15,9,3.928,34.6,0.805137,0.998433,10.1349,6.9153
379.3,101325.0,0.4089,20,11,2.363,57.5,0.802332,0.881899,4.4966,1.1726
383.6,101325.0,0.6228,20,10,2.921,40.5,0.993998,0.922519,7.0805,3.7251
381.1,101325.0,0.5116,14,8,2.028,59.0,0.877837,0.742905,3.8553,0.4958
346.7,101325.0,0.3826,16,5,1.859,51.1,0.777299,0.9951,4.4161,4.8159
362.0,101325.0,0.4975,11,5,2.365,47.1,0.88849,0.941632,5.5172,5.6196
350.7,101325.0,0.2362,15,9,1.766,51.3,0.481676,0.996834,4.4155,4.8196
376.0,101325.0,0.6231,17,6,3.343,67.2,0.99291,0.557402,4.3243,1.0187
379.2,101325.0,0.5398,15,5,2.114,44.8,0.914588,0.921996,5.3016,1.9904
370.7,101325.0,0.4758,18,7,3.037,67.8,0.979665,0.763498,3.9572,1.6591
368.5,101325.0,0.7073,19,11,1.763,40.3,0.981195,0.698445,5.0198,1.8164
357.5,101325.0,0.4791,14,6,2.378,44.5,0.856364,0.991416,5.8445,6.0303
341.2,101325.0,0.4265,16,8,2.41,69.9,0.98508,0.814031,3.121,3.5648
376.4,101325.0,0.3236,11,5,3.787,34.5,0.488584,0.989629,10.2712,7.0396
361.9,101325.0,0.7562,19,6,2.716,49.5,0.997409,0.489882,5.6911,3.2549
368.4,101325.0,0.5327,12,6,2.226,56.0,0.967788,0.809158,4.3318,2.3064
365.0,101325.0,0.52,16,7,3.793,37.4,0.830238,0.999272,9.3959,9.2176
370.0,101325.0,0.5699,15,9,1.514,61.1,0.876689,0.625421,3.0376,0.1996
347.1,101325.0,0.5231,18,9,2.28,33.1,0.781767,0.999702,6.9264,7.2356
347.8,101325.0,0.5504,16,9,1.633,60.8,0.981156,0.727324,3.141,3.4128
346.1,101325.0,0.2877,17,10,2.571,51.8,0.596047,0.999216,5.5741,6.0261
345.8,101325.0,0.608,20,6,2.057,64.5,0.992825,0.603802,3.2944,3.5569
384.7,101325.0,0.6167,19,11,2.054,56.7,0.960988,0.646226,4.0412,0.6389
372.3,101325.0,0.4272,14,4,1.506,58.0,0.763402,0.816257,3.3318,0.95
364.5,101325.0,0.3093,14,9,2.052,41.2,0.523719,0.996715,5.8583,5.9956
382.9,101325.0,0.6207,20,7,3.363,32.1,0.914091,0.999886,9.1379,5.7892
350.3,101325.0,0.4713,13,5,3.575,58.8,0.994206,0.895119,5.7203,6.019
358.6,101325.0,0.4102,11,6,2.211,34.9,0.618044,0.977498,6.7516,6.9288
340.9,101325.0,0.5648,18,8,1.912,50.7,0.99025,0.848881,4.3605,4.7437
352.8,101325.0,0.6822,11,5,2.773,36.1,0.990976,0.864306,7.3218,7.4736
381.3,101325.0,0.255,11,4,2.159,41.6,0.420942,0.977956,6.0793,2.7271
377.2,101325.0,0.5334,17,9,3.877,52.7,0.994519,0.880497,7.0002,3.7153
358.9,101325.0,0.5836,17,10,2.766,43.8,0.996371,0.94607,6.4201,6.5401
343.4,101325.0,0.4,16,7,1.544,59.9,0.911856,0.94266,3.148,3.5916
372.9,101325.0,0.2351,16,9,3.897,41.8,0.403772,0.999749,9.4043,9.4396
345.6,101325.0,0.5785,14,6,2.258,43.0,0.986154,0.961803,5.6455,5.9685
367.4,101325.0,0.6418,18,7,2.862,45.0,0.9943,0.789024,6.4461,3.2643
378.0,101325.0,0.6193,15,4,3.316,34.5,0.943285,0.995764,8.6703,5.3838
383.0,101325.0,0.6109,11,5,3.618,49.6,0.993545,0.777932,7.0644,3.6979
379.0,101325.0,0.7815,17,5,1.987,44.4,0.993418,0.483874,5.0409,1.7118
380.3,101325.0,0.4124,19,6,3.96,46.8,0.774901,0.999669,8.3382,5.0163
340.1,101325.0,0.6451,11,5,1.751,68.7,0.990596,0.512309,2.6152,2.9363
369.2,101325.0,0.2593,13,8,2.626,36.9,0.409287,0.997181,7.5465,7.6276
367.6,101325.0,0.4252,12,6,1.748,46.1,0.760481,0.966808,4.6909,4.6593
350.6,101325.0,0.501,12,6,3.766,36.2,0.779702,0.99019,9.6012,9.8697
343.8,101325.0,0.3956,16,4,3.581,50.6,0.799556,0.998771,7.1229,7.5621
364.3,101325.0,0.4197,15,7,2.254,67.8,0.976212,0.844599,3.192,3.2871
345.8,101325.0,0.7077,14,5,1.709,59.0,0.993889,0.491177,3.3709,3.5829
363.7,101325.0,0.4645,14,4,1.561,38.6,0.750687,0.990727,4.9874,5.0708
353.9,101325.0,0.5208,13,8,1.772,67.9,0.979249,0.695932,2.709,2.8981
370.5,101325.0,0.2229,19,8,3.961,59.2,0.546091,0.999839,6.592,6.6877
376.1,101325.0,0.5506,16,6,2.251,45.3,0.945548,0.926303,5.4516,2.1812
358.4,101325.0,0.5606,15,9,3.925,49.1,0.997954,0.892811,7.6015,7.7325
369.2,101325.0,0.4589,19,9,2.428,33.9,0.694173,0.999845,7.2461,5.9475
351.1,101325.0,0.3822,15,5,3.723,30.4,0.548889,0.999431,10.7024,11.0076
340.6,101325.0,0.5947,17,9,1.924,53.3,0.991803,0.753226,4.1462,4.5066
353.0,101325.0,0.6582,14,4,1.509,50.5,0.988519,0.665578,3.7737,3.9141
348.1,101325.0,0.6,11,6,1.804,45.2,0.969301,0.847713,4.6878,4.9452
377.7,101325.0,0.7089,12,4,1.775,60.4,0.975888,0.466145,3.3479,0.0239
360.6,101325.0,0.5014,11,4,3.019,50.5,0.949576,0.937877,6.0938,6.2221
357.2,101325.0,0.512,13,8,2.313,67.2,0.98925,0.720942,3.3013,3.4476
355.5,101325.0,0.4962,12,7,3.381,55.2,0.990658,0.90514,5.9609,6.1691
345.6,101325.0,0.5673,10,4,3.331,36.9,0.865841,0.943209,8.5051,8.8162
350.0,101325.0,0.5032,19,5,1.785,57.0,0.980196,0.856625,3.6452,3.9247
345.4,101325.0,0.7428,13,4,1.739,63.9,0.99513,0.399752,3.0001,3.1988
354.5,101325.0,0.3964,11,4,2.347,63.0,0.911438,0.906085,3.8218,4.0897
360.3,101325.0,0.448,18,11,3.147,45.0,0.814248,0.999633,7.1617,7.3174
355.5,101325.0,0.471,12,5,2.876,46.3,0.858352,0.978256,6.4863,6.7058
347.1,101325.0,0.209,14,8,2.1,53.0,0.440398,0.996202,4.7935,5.2706
360.9,101325.0,0.7953,14,9,1.617,32.5,0.992464,0.614193,5.3629,2.7395
379.3,101325.0,0.3498,10,3,2.883,63.5,0.758656,0.885212,4.4898,1.1661
358.8,101325.0,0.7178,18,9,3.681,68.3,0.998661,0.412555,4.4989,4.5124
371.4,101325.0,0.5842,18,7,2.152,42.5,0.963102,0.92844,5.5364,2.3225
363.3,101325.0,0.4471,12,5,1.859,57.7,0.925412,0.903556,3.7222,3.8271
378.8,101325.0,0.764,11,7,3.654,48.9,0.998311,0.480852,7.2109,3.8822
358.8,101325.0,0.3071,15,7,2.713,37.1,0.487711,0.99911,7.6512,7.878
365.5,101325.0,0.361,14,6,2.974,63.4,0.941653,0.974228,4.4624,4.5903
358.8,101325.0,0.3323,15,5,3.13,52.0,0.689727,0.997631,6.3434,6.5758
381.7,101325.0,0.6503,20,7,2.91,59.7,0.992423,0.580647,4.7838,1.4159
341.2,101325.0,0.4052,14,5,1.637,48.3,0.770876,0.986213,4.3107,4.778
357.6,101325.0,0.7475,11,3,3.559,51.1,0.998717,0.492901,6.759,6.7842
352.2,101325.0,0.3651,17,7,1.697,62.1,0.89756,0.959862,3.1628,3.4927
367.8,101325.0,0.5203,16,10,3.752,69.9,0.994625,0.683951,4.3404,2.7695
373.3,101325.0,0.7061,13,5,2.961,59.4,0.995471,0.491685,4.8791,1.6074
379.4,101325.0,0.7347,18,10,2.881,43.9,0.996986,0.600475,6.6035,3.2719
371.6,101325.0,0.704,14,9,3.698,67.4,0.996924,0.437681,4.6452,1.3892
342.0,101325.0,0.6107,19,12,2.54,48.6,0.99642,0.79721,5.5193,5.8572
357.1,101325.0,0.2134,16,9,2.743,62.8,0.569292,0.997414,4.5231,4.847
354.0,101325.0,0.4296,19,7,1.73,53.1,0.910516,0.995129,3.952,4.2266
353.9,101325.0,0.5434,14,7,2.737,42.0,0.93073,0.991449,6.6641,6.8794
352.4,101325.0,0.3329,11,5,2.555,40.8,0.550267,0.982494,6.8509,7.1675
363.0,101325.0,0.6932,13,7,1.838,57.6,0.98873,0.524342,3.6561,1.7277
358.2,101325.0,0.4305,11,5,2.098,55.4,0.870377,0.923622,4.2966,4.4886
347.6,101325.0,0.5817,15,6,2.417,55.4,0.994749,0.750827,4.6244,4.8884
384.5,101325.0,0.4162,19,8,3.029,63.2,0.89722,0.863895,4.588,1.2031
375.9,101325.0,0.7605,15,5,3.311,65.9,0.997311,0.362038,4.4583,1.1561
370.0,101325.0,0.3351,18,11,3.648,54.7,0.739228,0.999578,6.6897,6.7449
369.4,101325.0,0.4131,12,4,1.601,35.3,0.628031,0.980838,5.4287,4.7233
360.8,101325.0,0.449,13,7,3.47,65.8,0.993715,0.834117,4.6399,4.7762
353.4,101325.0,0.3453,11,5,1.901,61.4,0.779388,0.927595,3.5359,3.8427
352.4,101325.0,0.5925,16,5,1.935,56.1,0.991147,0.719452,3.9128,4.0964
383.8,101325.0,0.5682,16,10,2.457,33.2,0.849015,0.996808,7.2082,3.8411
365.3,101325.0,0.513,14,9,2.136,38.2,0.825445,0.992469,6.074,5.8484
378.6,101325.0,0.5992,19,12,1.878,66.6,0.949091,0.576271,2.9447,0.3933
384.5,101325.0,0.243,18,5,3.48,45.5,0.445626,0.999706,8.0293,4.6424
377.7,101325.0,0.3205,18,7,3.234,33.3,0.480447,0.999874,9.2582,5.9466
349.8,101325.0,0.4193,15,7,3.022,32.3,0.618902,0.999059,8.7937,9.1038
342.6,101325.0,0.7092,12,3,3.16,61.2,0.99828,0.474073,4.8941,5.1503
340.6,101325.0,0.7633,10,5,1.855,58.3,0.99552,0.402799,3.612,3.8707
382.9,101325.0,0.6123,12,3,3.4,40.9,0.986506,0.928359,7.9047,4.5575
350.7,101325.0,0.2318,11,3,3.52,60.6,0.561229,0.982382,5.7903,6.2019
341.4,101325.0,0.3355,17,6,3.438,48.8,0.65487,0.999575,7.305,7.8034
384.3,101325.0,0.2822,18,6,2.197,50.3,0.552063,0.984444,5.1713,1.7887
358.1,101325.0,0.3228,17,8,2.579,60.1,0.803823,0.996543,4.4916,4.7516
378.8,101325.0,0.7975,16,8,2.27,60.9,0.995117,0.329377,3.8794,0.5481
367.4,101325.0,0.4898,19,8,1.754,47.2,0.921683,0.993281,4.4787,3.5937
357.3,101325.0,0.4862,12,7,2.101,60.3,0.976838,0.83683,3.7499,3.9228
359.9,101325.0,0.7169,12,3,2.371,30.6,0.99113,0.904964,7.1045,6.6267
343.3,101325.0,0.4731,20,11,1.809,62.1,0.976521,0.834175,3.243,3.6345
347.7,101325.0,0.3097,16,5,3.591,33.1,0.46281,0.999757,10.0851,10.4827
365.2,101325.0,0.6971,11,6,2.066,55.9,0.987172,0.531739,4.1095,1.0824
347.5,101325.0,0.5641,16,5,3.807,69.2,0.997504,0.628802,4.49,4.7492
378.2,101325.0,0.4835,16,8,2.435,30.2,0.692097,0.99862,7.6695,4.3544
367.8,101325.0,0.538,18,5,2.623,64.9,0.986482,0.704552,3.8656,2.0331
360.8,101325.0,0.3209,17,5,3.786,62.0,0.841827,0.998369,5.6839,5.9056
362.8,101325.0,0.4544,13,4,1.501,41.0,0.756549,0.980398,4.676,4.7788
375.8,101325.0,0.5043,15,9,2.155,38.0,0.806257,0.988364,6.1501,2.877
380.8,101325.0,0.6158,15,8,3.724,46.4,0.996683,0.824175,7.6802,4.3458
371.1,101325.0,0.6623,15,4,3.633,64.7,0.996099,0.519818,4.9612,1.7127
358.3,101325.0,0.2496,16,9,3.279,40.5,0.41928,0.999683,8.3909,8.6582
361.2,101325.0,0.4943,14,9,3.302,66.1,0.995179,0.76258,4.4249,4.5232
373.3,101325.0,0.5965,12,5,3.46,45.8,0.991916,0.871481,7.3397,4.0989
379.3,101325.0,0.7982,11,5,2.348,56.2,0.995872,0.355857,4.4487,1.1129
365.2,101325.0,0.274,16,10,1.934,65.2,0.752518,0.981404,3.2375,3.4034
358.0,101325.0,0.24,15,5,3.077,51.3,0.491419,0.998675,6.5023,6.7878
363.1,101325.0,0.297,14,6,1.672,39.6,0.489358,0.996393,5.2864,5.4506
354.3,101325.0,0.3256,11,5,2.284,33.9,0.485019,0.985244,7.1132,7.3976
351.3,101325.0,0.5266,14,8,3.899,56.8,0.997396,0.831469,6.4183,6.6642
343.5,101325.0,0.291,11,5,2.207,35.2,0.44175,0.986516,6.8363,7.3091
351.0,101325.0,0.5861,12,5,2.913,58.2,0.995846,0.708184,4.962,5.1685
384.9,101325.0,0.4482,12,6,1.64,41.6,0.710113,0.919485,4.9193,1.5199
357.4,101325.0,0.2716,15,7,2.344,68.9,0.816636,0.974418,3.2642,3.5609
378.6,101325.0,0.5444,15,4,3.483,54.7,0.991768,0.826086,6.1663,2.8563
376.7,101325.0,0.6405,17,7,2.24,65.8,0.977383,0.534597,3.3748,0.0602
358.1,101325.0,0.2875,15,4,3.982,41.5,0.491022,0.999392,9.545,9.7967
356.0,101325.0,0.2296,13,6,2.125,68.5,0.66545,0.970827,3.1602,3.4935
372.4,101325.0,0.2415,10,3,2.764,31.6,0.345716,0.984082,8.5296,8.5624
355.9,101325.0,0.3776,10,5,3.221,51.3,0.726967,0.95406,6.543,6.7916
357.5,101325.0,0.3049,14,6,3.607,49.4,0.600244,0.997617,7.5455,7.8066
362.4,101325.0,0.3725,16,7,2.402,37.9,0.599356,0.999208,6.839,6.9792
377.1,101325.0,0.6189,12,5,2.432,35.3,0.93051,0.952221,6.8275,3.5443
353.3,101325.0,0.3895,15,6,1.502,47.7,0.736732,0.991215,4.1591,4.4477
342.2,101325.0,0.7188,16,7,2.979,43.6,0.998558,0.643089,6.8041,7.0736
384.1,101325.0,0.4888,12,5,2.045,52.9,0.849596,0.832439,4.4763,1.0884
352.8,101325.0,0.4561,18,8,1.79,37.7,0.731777,0.999458,5.5286,5.785
350.8,101325.0,0.2246,17,11,2.126,50.2,0.450351,0.999351,5.1173,5.5256
383.0,101325.0,0.2541,17,7,3.616,66.0,0.676365,0.963431,5.0311,1.6754
344.0,101325.0,0.7466,17,6,1.841,48.5,0.996271,0.518514,4.4383,4.6619
341.1,101325.0,0.7333,18,12,3.799,45.0,0.999162,0.591643,8.0016,8.2767
345.9,101325.0,0.6567,15,7,3.55,68.2,0.998145,0.502507,4.3873,4.6193
378.2,101325.0,0.6604,11,4,3.743,36.4,0.987522,0.911099,9.1677,5.8736
373.4,101325.0,0.601,10,5,1.679,61.7,0.920265,0.597183,3.1612,0.1149
382.0,101325.0,0.5449,16,8,2.662,33.1,0.813465,0.997907,7.6935,4.3444
345.9,101325.0,0.6532,12,6,3.651,42.3,0.997581,0.816586,8.1383,8.4009
360.5,101325.0,0.4012,13,4,2.488,63.1,0.96264,0.927146,3.932,4.1113
377.5,101325.0,0.6985,13,4,3.974,47.8,0.998192,0.628778,7.8728,4.5623
368.5,101325.0,0.2772,18,7,3.398,57.2,0.64704,0.999532,6.0576,6.162
348.9,101325.0,0.7879,19,10,2.887,56.0,0.998807,0.377812,5.1852,5.316
371.6,101325.0,0.7122,16,8,3.082,65.7,0.995566,0.435737,4.2478,0.9926
359.4,101325.0,0.6266,12,6,2.79,62.9,0.996368,0.591498,4.2652,4.3165
367.3,101325.0,0.3002,16,5,2.156,45.8,0.552795,0.998722,5.5668,5.6676
353.1,101325.0,0.6115,11,7,3.27,51.8,0.995867,0.746164,6.2438,6.4119
383.7,101325.0,0.2377,16,5,2.708,69.1,0.545699,0.900031,3.7316,0.3515
374.9,101325.0,0.2459,12,6,1.756,45.1,0.437534,0.987375,4.9791,4.3254
340.5,101325.0,0.6611,19,5,2.412,48.3,0.996863,0.698303,5.3503,5.675
377.9,101325.0,0.316,19,9,3.368,40.6,0.531893,0.999862,8.4627,5.1555
372.2,101325.0,0.7198,15,5,3.123,39.8,0.997547,0.70031,7.5271,4.2839
384.1,101325.0,0.2983,11,5,2.584,46.9,0.536261,0.971118,6.2044,2.8189
354.7,101325.0,0.2251,18,7,2.158,36.7,0.355548,0.999896,6.6186,6.9555
363.6,101325.0,0.2419,13,5,3.241,59.9,0.592095,0.992536,5.51,5.7107
356.8,101325.0,0.7883,11,6,1.943,37.4,0.996384,0.559991,5.5884,5.6135
373.6,101325.0,0.7335,14,8,3.617,39.8,0.998424,0.667213,8.4273,5.1665
368.4,101325.0,0.3191,15,7,3.42,39.0,0.522621,0.999228,8.8025,8.8701
350.1,101325.0,0.2562,12,5,2.962,53.8,0.542751,0.989871,5.9634,6.3677
346.2,101325.0,0.5457,16,10,1.795,60.2,0.985383,0.744987,3.3823,3.6825
362.7,101325.0,0.6342,19,9,3.106,66.3,0.996726,0.55007,4.197,3.4008
364.7,101325.0,0.2676,11,6,2.926,31.7,0.387819,0.991421,8.8584,9.0053
352.4,101325.0,0.4268,19,8,3.249,40.7,0.719663,0.9999,8.0285,8.3074
349.2,101325.0,0.7243,13,8,3.335,64.4,0.998546,0.427302,4.6791,4.8317
341.7,101325.0,0.4251,19,5,3.548,51.7,0.87984,0.999719,6.8192,7.2814
346.3,101325.0,0.6136,11,4,1.952,68.2,0.990857,0.562306,2.8509,3.0997
364.4,101325.0,0.4454,12,6,3.027,38.6,0.718196,0.988528,7.8801,7.9588
384.1,101325.0,0.4931,16,5,2.671,38.5,0.799681,0.99663,7.1059,3.7331
341.3,101325.0,0.5787,11,5,2.119,46.9,0.973824,0.868659,5.048,5.4192
371.2,101325.0,0.6288,17,10,3.676,63.9,0.995414,0.578316,5.1215,1.8741
351.3,101325.0,0.6839,19,7,3.25,46.0,0.998523,0.685441,6.9583,7.1152
364.5,101325.0,0.2057,14,4,2.418,54.0,0.443115,0.996542,5.1716,5.3698
340.2,101325.0,0.6224,17,9,2.366,41.0,0.996099,0.91538,6.0244,6.3971
376.7,101325.0,0.7744,11,4,2.298,55.3,0.994744,0.403708,4.4734,1.1658
344.3,101325.0,0.7948,18,7,3.75,62.6,0.999239,0.327341,5.3854,5.5769
356.0,101325.0,0.6453,19,12,2.939,58.1,0.99746,0.608667,5.0052,5.1018
357.9,101325.0,0.4034,14,6,2.275,50.8,0.809079,0.989498,5.0637,5.28
361.6,101325.0,0.3273,11,3,2.761,45.2,0.581654,0.981074,6.6857,6.863
382.0,101325.0,0.799,16,7,2.048,66.0,0.993622,0.30126,3.1454,0.2231
382.0,101325.0,0.2697,19,6,2.088,42.1,0.464818,0.998645,5.8698,2.5119
380.7,101325.0,0.5858,18,9,3.368,32.1,0.862585,0.99967,9.2356,5.907
363.5,101325.0,0.27,16,10,3.934,64.5,0.756371,0.997689,5.5507,5.7502
376.4,101325.0,0.6402,20,8,2.235,60.5,0.978987,0.580992,3.8905,0.5833
378.7,101325.0,0.2446,16,7,1.69,45.3,0.432089,0.981794,4.8443,1.5289
365.3,101325.0,0.5869,15,5,1.554,58.8,0.963209,0.676771,3.2142,1.8316
352.8,101325.0,0.3976,17,6,1.704,42.8,0.694076,0.998623,4.9462,5.2336
373.1,101325.0,0.294,13,6,1.839,66.7,0.742763,0.930045,3.0021,2.4335
353.4,101325.0,0.7001,13,4,1.6,51.9,0.992325,0.570728,3.7968,3.9067
347.4,101325.0,0.3129,17,5,3.754,47.2,0.592361,0.999716,8.1324,8.5469
374.6,101325.0,0.5166,16,5,2.317,44.9,0.910307,0.966536,5.6416,2.3924
366.7,101325.0,0.4898,19,6,1.819,57.9,0.966687,0.856944,3.6226,3.0536
345.0,101325.0,0.635,14,5,3.466,50.1,0.998215,0.726765,6.7573,7.0321
347.7,101325.0,0.3844,11,3,3.695,54.2,0.806608,0.972372,6.7603,7.143
360.2,101325.0,0.5765,16,7,2.994,61.2,0.996418,0.689722,4.7007,4.7701
355.2,101325.0,0.6457,11,6,1.864,39.1,0.972713,0.863608,5.3174,5.4491
382.1,101325.0,0.4232,13,7,2.094,32.9,0.625239,0.988861,6.6995,3.3338
382.0,101325.0,0.7555,11,6,1.68,57.2,0.98214,0.414084,3.49,0.1196
366.7,101325.0,0.7497,18,10,3.381,69.1,0.997122,0.360941,4.1057,0.9053
366.8,101325.0,0.5865,18,10,3.909,46.8,0.997648,0.880907,7.9197,5.8572
371.1,101325.0,0.6794,12,4,3.554,61.1,0.996565,0.522526,5.3734,2.1266
345.3,101325.0,0.2325,20,10,1.942,67.3,0.70227,0.995751,3.073,3.582
382.8,101325.0,0.3644,13,5,1.856,52.4,0.652763,0.897548,4.3716,0.997
359.7,101325.0,0.6128,10,5,3.354,41.3,0.969883,0.89469,7.7963,7.8795
364.5,101325.0,0.6546,13,5,1.757,30.5,0.927005,0.966113,5.8956,3.8811
348.3,101325.0,0.2174,16,7,3.14,52.5,0.456963,0.999347,6.4605,6.9143
377.2,101325.0,0.4646,15,4,2.694,69.0,0.914145,0.737372,3.5322,0.22
377.8,101325.0,0.3362,15,6,1.655,66.5,0.621294,0.807419,2.8716,0.4499
374.0,101325.0,0.5229,11,6,1.792,65.9,0.879242,0.661489,2.9559,0.3266
358.4,101325.0,0.3662,18,5,3.456,45.5,0.671759,0.999798,7.7899,8.0064
382.3,101325.0,0.2957,11,3,2.68,53.0,0.583351,0.959386,5.6095,2.2503
354.4,101325.0,0.5657,13,7,3.204,61.7,0.996533,0.701737,4.884,5.0475
366.6,101325.0,0.6842,17,9,2.689,58.9,0.993216,0.531429,4.6023,1.4073
372.1,101325.0,0.4795,11,7,2.271,63.0,0.891849,0.762675,3.7488,0.6297
355.1,101325.0,0.7136,19,6,3.791,59.5,0.998865,0.480572,5.8826,5.9565
356.4,101325.0,0.7394,13,4,3.592,42.8,0.998989,0.607527,7.963,8.016
380.1,101325.0,0.5298,16,4,3.149,38.3,0.857256,0.997712,7.9791,4.6605
355.0,101325.0,0.4625,20,8,2.934,54.8,0.993935,0.975845,5.3967,5.6432
365.2,101325.0,0.7307,19,5,3.921,32.8,0.998897,0.818778,10.0256,6.8708
342.3,101325.0,0.7755,14,8,2.241,31.8,0.998077,0.701855,6.7024,6.9486
381.7,101325.0,0.7471,13,4,2.891,48.8,0.996935,0.515021,6.0423,2.6802
348.7,101325.0,0.6833,16,10,3.6,31.1,0.990575,0.997295,9.626,9.8519
362.1,101325.0,0.5575,16,9,2.89,67.6,0.995315,0.65234,3.824,3.8675
350.5,101325.0,0.5751,15,7,3.68,62.8,0.997667,0.67521,5.2795,5.4945
358.2,101325.0,0.7397,10,6,1.835,33.9,0.983612,0.735873,5.6999,5.7338
353.4,101325.0,0.4379,12,5,1.669,40.1,0.714822,0.975754,5.0976,5.3509
347.3,101325.0,0.7165,12,5,3.689,43.3,0.998718,0.653056,8.0606,8.2588
348.4,101325.0,0.3499,14,5,2.626,65.1,0.936839,0.964775,3.8862,4.2878
357.1,101325.0,0.4228,15,7,2.277,54.1,0.906469,0.987537,4.6463,4.8745
356.8,101325.0,0.6747,16,6,2.504,66.0,0.99661,0.491132,3.6136,3.6774
347.7,101325.0,0.6885,13,8,1.876,61.4,0.994327,0.503762,3.3689,3.562
349.5,101325.0,0.5162,13,5,3.396,55.2,0.995362,0.872705,5.9752,6.2597
378.8,101325.0,0.7581,11,4,1.661,33.3,0.981472,0.689311,5.4011,2.0826
365.0,101325.0,0.7218,12,7,2.009,50.5,0.98878,0.539892,4.5254,1.3512
355.2,101325.0,0.7023,14,9,3.052,51.6,0.998306,0.575349,5.9465,6.0296
369.0,101325.0,0.5939,16,7,1.984,42.8,0.952963,0.885976,5.2247,2.0316
357.3,101325.0,0.6977,16,7,2.176,45.5,0.996588,0.660307,5.2503,5.3106
382.1,101325.0,0.7159,16,10,2.936,61.7,0.995282,0.457525,4.5738,1.1998
341.7,101325.0,0.6927,19,6,2.317,68.9,0.996448,0.444405,3.1291,3.4029
351.1,101325.0,0.6989,16,9,3.537,69.0,0.998435,0.435674,4.2644,4.3995
381.5,101325.0,0.4187,16,4,2.589,43.2,0.733227,0.994843,6.4827,3.1396
369.6,101325.0,0.4178,15,5,1.722,60.7,0.892063,0.889259,3.3134,2.4566
356.2,101325.0,0.3677,13,5,1.523,40.7,0.61236,0.98877,4.8357,5.0777
367.2,101325.0,0.6418,17,9,3.672,54.4,0.996848,0.655813,6.4617,3.3602
352.5,101325.0,0.4278,18,11,1.932,42.2,0.739657,0.999337,5.384,5.6633
341.8,101325.0,0.586,15,5,2.139,45.5,0.992802,0.901294,5.1933,5.5599
349.8,101325.0,0.6464,19,8,2.154,65.2,0.994677,0.53949,3.3306,3.5126
381.0,101325.0,0.6328,13,3,3.949,34.9,0.965091,0.986959,9.8376,6.5173
380.4,101325.0,0.5835,14,5,2.851,59.6,0.985497,0.688993,4.7303,1.3826
384.0,101325.0,0.3044,15,7,3.256,39.3,0.500614,0.998658,8.4528,5.0667
349.5,101325.0,0.3033,18,7,2.045,69.0,0.892896,0.961583,2.9233,3.3298
345.5,101325.0,0.7288,11,4,1.743,44.9,0.993462,0.595985,4.5875,4.8019
344.0,101325.0,0.5142,14,6,2.716,69.0,0.99349,0.701132,3.4965,3.8388
340.7,101325.0,0.2345,17,10,3.126,41.7,0.402111,0.999833,7.9382,8.4937
354.9,101325.0,0.3279,13,7,2.018,46.2,0.601675,0.990911,5.2547,5.5417
353.2,101325.0,0.6175,19,10,2.579,32.8,0.918805,0.999794,7.4119,7.5963
351.6,101325.0,0.6801,17,8,1.922,59.3,0.994481,0.535672,3.6089,3.7507
358.3,101325.0,0.394,14,4,2.748,69.3,0.983468,0.86713,3.5,3.7068
356.9,101325.0,0.4288,19,7,2.013,35.6,0.665751,0.99984,6.2291,6.4298
340.1,101325.0,0.5097,15,6,2.51,41.8,0.873033,0.996176,6.3494,6.7831
363.9,101325.0,0.2985,18,7,2.868,51.1,0.610038,0.999624,6.1151,6.2784
374.7,101325.0,0.7721,17,10,3.583,62.8,0.998092,0.361768,5.1696,1.8825
377.4,101325.0,0.5664,10,3,3.336,41.2,0.908302,0.92155,7.8729,4.5816
356.2,101325.0,0.4074,20,8,3.276,68.4,0.992544,0.862912,4.1021,4.3352
352.6,101325.0,0.6263,10,5,3.76,61.2,0.996819,0.608604,5.6017,5.7567
350.2,101325.0,0.5209,17,8,3.164,54.8,0.996352,0.871312,5.7092,5.9806
365.7,101325.0,0.3455,14,7,2.476,44.0,0.614074,0.99632,6.2902,6.3955
375.3,101325.0,0.6888,20,12,3.115,31.4,0.997318,0.985296,8.5611,5.3099
375.4,101325.0,0.2882,16,5,1.983,42.6,0.500608,0.998001,5.6024,3.8411
373.0,101325.0,0.2454,15,9,3.84,48.2,0.473011,0.99921,8.2247,8.2581
357.2,101325.0,0.367,19,7,2.296,66.8,0.967096,0.931269,3.3399,3.5897
348.6,101325.0,0.6974,18,7,3.914,59.6,0.998858,0.506944,6.0188,6.1956
340.8,101325.0,0.4261,17,7,2.195,64.3,0.981141,0.882085,3.4712,3.9334
352.8,101325.0,0.478,19,12,3.189,65.0,0.994934,0.800394,4.4488,4.6899
369.7,101325.0,0.7163,15,8,3.655,37.4,0.9984,0.755876,8.8355,5.625
367.3,101325.0,0.7875,20,7,2.296,48.2,0.995986,0.436557,5.1794,1.9797
352.5,101325.0,0.234,13,6,1.674,45.1,0.421209,0.993888,4.8374,5.2087
356.7,101325.0,0.4743,15,4,2.575,40.6,0.796625,0.997277,6.6871,6.8811
357.5,101325.0,0.3639,17,8,1.709,64.6,0.904204,0.932178,2.9636,3.2059
377.8,101325.0,0.2132,11,4,3.592,66.8,0.581823,0.970007,4.9453,3.0665
368.6,101325.0,0.2358,12,5,2.17,42.6,0.405234,0.992497,6.0034,6.1096
354.6,101325.0,0.6049,12,3,2.8,44.8,0.993231,0.87362,6.3671,6.5311
346.0,101325.0,0.5746,15,8,3.944,66.6,0.997862,0.637666,5.0074,5.2852
378.4,101325.0,0.271,13,8,3.953,44.1,0.482028,0.996493,9.0754,5.7646
375.5,101325.0,0.453,18,6,2.857,49.4,0.886711,0.991229,6.0509,2.7963
340.3,101325.0,0.5535,13,5,2.984,42.6,0.952296,0.983796,7.001,7.4147
350.3,101325.0,0.797,14,4,1.672,64.0,0.996257,0.315082,2.9179,3.0229
340.5,101325.0,0.5617,17,7,1.829,36.9,0.889179,0.998289,5.532,5.9313
382.4,101325.0,0.6619,13,4,2.253,53.8,0.984659,0.615264,4.5703,1.1977
347.9,101325.0,0.3332,12,6,3.337,37.2,0.527025,0.994009,8.8881,9.2731
376.8,101325.0,0.4328,13,4,1.529,30.9,0.617614,0.980488,5.6446,2.3412
353.8,101325.0,0.369,12,5,3.535,44.4,0.656533,0.991063,8.1044,8.3886
367.6,101325.0,0.3626,13,5,2.868,40.6,0.607047,0.995038,7.4309,7.494
368.4,101325.0,0.7017,16,10,2.976,61.0,0.995341,0.486037,4.7047,1.4878
348.1,101325.0,0.2944,19,9,2.652,68.8,0.922326,0.99038,3.509,3.9513
365.6,101325.0,0.7362,13,5,3.764,59.7,0.99804,0.440552,5.8216,2.6363
384.0,101325.0,0.262,17,11,3.533,45.8,0.482924,0.999443,8.0525,4.6722
343.7,101325.0,0.732,15,9,3.484,38.2,0.999036,0.700011,8.401,8.6474
351.8,101325.0,0.7887,18,8,3.919,40.9,0.999424,0.515794,8.8126,8.9079
361.1,101325.0,0.3736,13,7,3.984,53.1,0.788544,0.992891,7.3704,7.5514
378.1,101325.0,0.6744,20,5,3.875,38.4,0.998284,0.845143,9.1054,5.8065
342.3,101325.0,0.2518,14,8,2.414,55.4,0.558433,0.995055,4.9522,5.4838
365.3,101325.0,0.5013,14,9,3.517,32.5,0.741599,0.99778,9.6838,9.6268
349.4,101325.0,0.3909,16,7,3.184,44.0,0.697378,0.99916,7.4894,7.834
383.2,101325.0,0.2302,12,5,2.433,49.9,0.439678,0.980117,5.6589,2.2889
360.2,101325.0,0.7168,10,3,3.17,67.0,0.997595,0.421502,4.1731,3.4464
348.5,101325.0,0.7668,15,9,1.96,45.4,0.997161,0.510241,4.9016,5.0524
366.4,101325.0,0.5987,16,8,2.588,59.6,0.991001,0.667221,4.4021,2.3176
367.3,101325.0,0.3983,16,5,3.703,60.3,0.985524,0.988381,5.6768,5.764
371.0,101325.0,0.265,10,5,2.837,39.8,0.426022,0.978556,7.6085,7.6562
341.9,101325.0,0.4151,18,12,2.202,30.1,0.593784,0.99985,7.2502,7.6798
384.7,101325.0,0.7593,13,3,2.6,49.1,0.99616,0.486243,5.5586,2.1616
370.1,101325.0,0.7294,18,8,2.82,60.1,0.995619,0.447341,4.6242,1.3882
354.7,101325.0,0.48,14,4,2.958,50.9,0.962347,0.985238,5.9374,6.1776
384.6,101325.0,0.4584,19,8,3.046,58.3,0.94769,0.891584,5.17,1.7925
342.9,101325.0,0.5084,19,12,2.73,41.4,0.867414,0.99976,6.8006,7.1935
357.1,101325.0,0.3313,16,5,3.324,42.8,0.57879,0.999457,8.0259,8.2742
354.9,101325.0,0.3376,16,10,2.455,43.1,0.592606,0.999054,6.369,6.6497
350.5,101325.0,0.6759,16,5,2.954,52.7,0.997981,0.613178,5.6712,5.837
342.7,101325.0,0.5204,16,10,2.529,40.6,0.874791,0.998087,6.5133,6.9028
344.5,101325.0,0.2148,19,11,1.824,58.7,0.518817,0.999098,3.8092,4.3298
378.2,101325.0,0.6524,14,6,2.176,69.9,0.981729,0.489414,2.9089,0.4254
381.6,101325.0,0.7126,14,4,2.679,59.1,0.994034,0.482165,4.5666,1.1995
355.9,101325.0,0.5973,15,7,2.724,37.5,0.952977,0.995437,7.1245,7.2842
382.3,101325.0,0.488,11,6,1.874,44.1,0.789313,0.893936,5.065,1.7011
383.2,101325.0,0.2651,11,7,3.519,63.1,0.63987,0.95406,5.3712,2.0077
378.5,101325.0,0.4203,17,8,2.259,69.8,0.819417,0.752384,3.0877,0.2432
356.0,101325.0,0.7207,14,9,3.665,68.1,0.998678,0.409513,4.5118,4.5655
377.9,101325.0,0.2835,19,10,3.452,43.7,0.503426,0.999836,8.1989,4.8946
373.1,101325.0,0.2628,11,6,1.587,39.4,0.42156,0.981383,5.1658,5.1107
358.7,101325.0,0.7977,13,4,3.749,45.9,0.999218,0.439819,7.7886,6.4551
340.2,101325.0,0.3419,18,10,1.945,36.6,0.539149,0.999781,6.0853,6.5844
384.7,101325.0,0.2237,15,8,2.078,43.2,0.389745,0.994619,5.7749,2.3838
348.2,101325.0,0.6044,14,4,3.849,42.9,0.997846,0.919343,8.3961,8.6622
349.9,101325.0,0.3005,12,8,2.972,51.7,0.609841,0.988497,6.2027,6.5866
380.6,101325.0,0.7996,20,8,3.466,59.3,0.998401,0.336845,5.5112,2.1602
381.0,101325.0,0.6068,16,8,3.817,50.1,0.996593,0.781438,7.2909,3.9487
362.6,101325.0,0.7469,10,3,2.123,58.4,0.993153,0.428513,3.9436,1.3199
354.4,101325.0,0.2635,17,10,2.066,44.1,0.470987,0.999504,5.6236,5.9489
375.0,101325.0,0.675,15,7,3.553,49.2,0.997311,0.657792,7.0145,3.7335
352.0,101325.0,0.4439,16,10,3.072,61.1,0.993238,0.905792,4.8081,5.0966
343.4,101325.0,0.613,15,9,2.127,65.4,0.993546,0.588328,3.2839,3.5779
371.1,101325.0,0.634,15,4,3.491,46.4,0.996568,0.78483,7.3015,4.0763
367.0,101325.0,0.4264,13,6,2.839,55.3,0.923858,0.975681,5.2832,5.3525
377.3,101325.0,0.3979,15,5,2.783,55.2,0.830405,0.953119,5.3071,2.0219
384.4,101325.0,0.7021,18,6,3.101,62.3,0.995419,0.475397,4.6908,1.2892
374.2,101325.0,0.3172,12,4,1.683,54.2,0.632995,0.949652,3.9615,2.3941
371.3,101325.0,0.6995,19,10,1.813,50.5,0.978931,0.574398,4.2395,0.9949
365.4,101325.0,0.3814,19,8,3.556,59.8,0.947261,0.998942,5.6128,5.7379
355.7,101325.0,0.7877,16,8,3.235,62.6,0.998945,0.338507,4.8018,4.8332
347.0,101325.0,0.7774,10,6,1.837,42.3,0.994385,0.518581,4.9676,5.1359
354.3,101325.0,0.2356,10,3,1.832,51.1,0.44394,0.96377,4.5547,4.8952
384.7,101325.0,0.5287,17,9,3.744,56.1,0.992592,0.834306,6.3225,2.9396
349.6,101325.0,0.6361,20,6,2.678,37.6,0.997399,0.963548,6.9603,7.1952
381.7,101325.0,0.7331,20,10,3.015,38.5,0.997549,0.689335,7.4882,4.1361
358.3,101325.0,0.6375,12,6,2.484,51.0,0.995449,0.706412,5.1795,5.254
357.4,101325.0,0.4748,16,10,3.674,34.8,0.72795,0.99949,9.6985,9.8722
361.2,101325.0,0.5441,12,4,1.585,35.0,0.819283,0.966951,5.2715,5.3562
380.7,101325.0,0.4317,15,9,3.726,50.4,0.863291,0.993031,7.2985,3.9794
362.9,101325.0,0.6097,17,9,1.553,62.6,0.980401,0.611772,2.9062,2.4071
383.8,101325.0,0.653,12,3,3.507,63.3,0.995301,0.545458,5.0186,1.6233
359.5,101325.0,0.2174,16,8,3.665,30.1,0.310958,0.999867,10.8251,11.0857
383.0,101325.0,0.2134,11,4,3.952,47.8,0.399683,0.99003,8.5321,5.1658
364.1,101325.0,0.3784,12,6,1.94,59.2,0.84069,0.940204,3.7496,3.8758
342.4,101325.0,0.2807,18,7,3.158,41.0,0.475692,0.999897,8.0459,8.5481
365.6,101325.0,0.3632,17,11,2.83,52.1,0.75696,0.998815,5.8132,5.9258
354.3,101325.0,0.7914,12,8,1.834,58.5,0.996825,0.354329,3.5672,3.6182
383.7,101325.0,0.6565,15,5,2.791,58.7,0.991809,0.579414,4.754,1.3629
353.2,101325.0,0.6483,19,12,2.888,57.1,0.997453,0.614023,5.0583,5.1959
368.8,101325.0,0.6913,12,4,2.44,53.0,0.991912,0.575279,4.9091,1.6929
368.3,101325.0,0.7868,18,7,2.853,52.0,0.997626,0.407808,5.6085,2.3965
373.0,101325.0,0.6428,16,4,3.839,42.1,0.997717,0.845306,8.4964,5.2563
341.5,101325.0,0.4056,18,7,3.801,50.3,0.81578,0.999681,7.4903,7.9601
382.4,101325.0,0.6411,13,7,1.937,63.3,0.963517,0.54583,3.2923,0.0888
378.4,101325.0,0.4844,20,10,1.746,60.4,0.803751,0.724977,3.4203,0.0871
343.8,101325.0,0.6873,19,6,2.467,51.3,0.99729,0.606978,5.1206,5.3783
341.6,101325.0,0.3187,15,8,3.304,39.5,0.526254,0.999198,8.4981,8.9907
361.7,101325.0,0.7188,13,8,1.797,54.2,0.991362,0.511519,3.89,2.2103
361.7,101325.0,0.4405,18,8,2.368,32.0,0.64771,0.999819,7.3696,7.4854
364.7,101325.0,0.4557,14,6,3.473,52.9,0.955435,0.98919,6.4457,6.5427
348.8,101325.0,0.7083,13,5,1.548,48.5,0.992255,0.593218,3.984,4.1592
349.4,101325.0,0.6084,17,9,3.41,42.7,0.998142,0.91463,7.6622,7.9079
365.4,101325.0,0.6881,19,8,2.959,49.3,0.996247,0.628796,6.0888,3.1157
371.5,101325.0,0.7116,17,6,2.788,42.3,0.996317,0.676772,6.63,3.3925
373.0,101325.0,0.5957,15,6,1.578,32.0,0.862347,0.970917,5.4592,2.2175
346.0,101325.0,0.4123,12,4,2.812,48.6,0.78464,0.981489,6.1819,6.5731
357.3,101325.0,0.485,17,8,3.504,31.7,0.709997,0.999771,9.8155,9.982
373.8,101325.0,0.3862,17,9,3.872,32.8,0.574611,0.999813,10.629,8.0672
365.2,101325.0,0.437,14,7,2.522,62.3,0.983507,0.893716,4.0388,4.1213
370.8,101325.0,0.5579,14,9,2.456,31.5,0.811162,0.992841,7.4372,4.2192
382.7,101325.0,0.5004,10,6,2.26,57.2,0.888174,0.789754,4.3248,0.9517
346.8,101325.0,0.5216,16,7,3.874,69.5,0.997095,0.68707,4.5086,4.8041
374.5,101325.0,0.7862,16,9,2.425,63.8,0.995368,0.332481,3.7617,0.4774
359.9,101325.0,0.421,12,8,2.757,64.6,0.978429,0.884485,4.0498,4.2216
370.7,101325.0,0.3978,14,7,3.193,63.0,0.974209,0.940752,4.7282,3.6716
353.2,101325.0,0.5937,16,7,2.863,67.3,0.996154,0.601846,3.8319,3.9907
383.8,101325.0,0.3356,18,7,2.43,41.5,0.572801,0.998767,6.5156,3.1352
349.4,101325.0,0.7156,17,10,2.451,60.6,0.997369,0.467596,4.1236,4.279
375.9,101325.0,0.5511,12,4,2.167,54.4,0.93623,0.771732,4.4354,1.1464
381.6,101325.0,0.5808,18,5,3.595,35.6,0.901632,0.999569,9.1493,5.8162
366.8,101325.0,0.4339,14,7,3.431,51.9,0.894444,0.992908,6.5985,6.6673
343.9,101325.0,0.2205,18,5,3.028,59.8,0.547766,0.9995,5.2726,5.8008
364.5,101325.0,0.3916,15,6,2.287,69.8,0.969617,0.858484,3.0283,3.1353
361.6,101325.0,0.4238,19,5,2.064,40.4,0.710901,0.999743,5.826,5.962
373.0,101325.0,0.5701,16,8,3.972,57.4,0.995573,0.745668,6.426,3.1726
369.5,101325.0,0.6853,12,6,2.458,46.9,0.992077,0.66203,5.575,2.3574
377.8,101325.0,0.414,17,4,3.293,62.8,0.929631,0.891444,4.9112,1.6166
367.0,101325.0,0.7776,19,6,2.93,49.0,0.997759,0.451545,6.078,2.8814
349.6,101325.0,0.7376,13,4,3.678,46.5,0.999024,0.563178,7.5873,7.7373
375.8,101325.0,0.7645,17,7,2.191,30.2,0.995478,0.769357,6.7576,3.4802
379.0,101325.0,0.6961,18,10,2.951,68.3,0.99382,0.44208,3.8013,0.4597
382.5,101325.0,0.4199,13,6,3.939,33.8,0.632398,0.996294,10.5417,7.1731
369.4,101325.0,0.4776,18,6,2.232,66.9,0.958096,0.760133,3.2713,1.5873
347.3,101325.0,0.5499,15,7,2.174,56.4,0.991632,0.791582,4.2021,4.4906
367.7,101325.0,0.2838,12,4,2.505,68.5,0.795101,0.951323,3.4776,3.594
366.0,101325.0,0.6089,14,9,1.977,69.4,0.977694,0.553709,2.7743,0.7126
342.2,101325.0,0.5447,19,9,2.437,37.8,0.875578,0.99975,6.6416,7.0243
363.0,101325.0,0.384,13,8,2.144,56.4,0.842283,0.970271,4.2838,4.4302
369.8,101325.0,0.5896,14,4,2.175,60.1,0.961552,0.657337,3.871,0.6437
360.5,101325.0,0.6637,13,6,3.124,51.7,0.997903,0.648524,6.0401,6.0654
376.8,101325.0,0.66,17,7,2.502,51.8,0.990339,0.647379,5.1269,1.8227
384.0,101325.0,0.4623,15,7,3.07,42.2,0.79624,0.995083,7.4084,4.0385
349.9,101325.0,0.3282,15,4,2.163,67.9,0.913167,0.948348,3.1324,3.5172
366.9,101325.0,0.2416,15,9,1.984,57.7,0.563287,0.994228,4.1031,4.2476
377.7,101325.0,0.4605,12,6,3.298,48.1,0.85845,0.968885,6.9513,3.6625
342.8,101325.0,0.2686,16,7,3.073,56.6,0.617101,0.998624,5.7101,6.2281
357.2,101325.0,0.3596,13,6,2.815,47.9,0.683191,0.992363,6.3658,6.6055
349.1,101325.0,0.3057,15,6,1.91,39.7,0.505871,0.998338,5.7385,6.1218
372.9,101325.0,0.4466,18,6,1.609,33.2,0.667379,0.997617,5.5937,2.5521
369.0,101325.0,0.3558,15,5,1.881,61.1,0.861734,0.96631,3.4904,3.5559
343.0,101325.0,0.3446,11,3,2.266,38.1,0.545277,0.981434,6.5846,7.0382
374.9,101325.0,0.7682,16,9,2.192,43.1,0.994802,0.530956,5.5112,2.2296
344.4,101325.0,0.5923,20,8,3.518,51.4,0.998046,0.791348,6.6581,6.9694
351.5,101325.0,0.5721,13,5,2.345,57.7,0.993265,0.736656,4.2949,4.5033
346.0,101325.0,0.2027,13,8,3.942,53.8,0.435508,0.99722,7.5148,8.0136
341.8,101325.0,0.5375,14,9,2.399,52.2,0.99219,0.878874,4.9328,5.3216
343.0,101325.0,0.7988,13,6,2.601,62.5,0.998557,0.321054,4.0942,4.3022
352.5,101325.0,0.757,18,7,3.458,62.5,0.998892,0.388135,5.0683,5.159
374.4,101325.0,0.5985,18,9,2.898,60.4,0.988487,0.657186,4.6903,1.4111
361.6,101325.0,0.6665,19,7,2.704,49.7,0.997064,0.668056,5.6507,4.9604
366.0,101325.0,0.7551,18,5,2.966,43.7,0.997689,0.557434,6.7712,3.5895
365.4,101325.0,0.6487,15,4,2.375,49.7,0.992097,0.698841,5.1543,2.7868
383.9,101325.0,0.2407,16,9,3.13,51.3,0.491219,0.997121,6.587,3.2122
365.6,101325.0,0.6042,14,7,2.423,31.1,0.873853,0.993193,7.3293,5.5627
383.7,101325.0,0.7947,18,6,1.586,50.7,0.986489,0.391793,3.8754,0.4901
357.3,101325.0,0.6942,13,4,2.31,48.7,0.996683,0.624431,5.1504,5.2093
364.9,101325.0,0.5148,18,9,3.447,65.6,0.996122,0.737599,4.6406,4.5743
376.5,101325.0,0.4208,17,9,2.244,47.7,0.782112,0.975355,5.3551,2.0764
366.4,101325.0,0.3516,15,9,2.667,34.1,0.533045,0.999051,7.881,7.9617
352.8,101325.0,0.4793,13,6,2.3,66.9,0.986417,0.771604,3.3204,3.556
363.8,101325.0,0.4979,11,4,2.78,51.9,0.953855,0.924647,5.5645,5.6429
374.0,101325.0,0.2845,16,5,1.715,61.8,0.688511,0.965228,3.3192,2.4569
349.6,101325.0,0.5105,15,8,2.981,32.8,0.75898,0.998578,8.4744,8.7502
340.0,101325.0,0.4085,14,4,1.973,69.6,0.965246,0.834672,2.7596,3.2333
372.4,101325.0,0.7319,19,12,1.682,67.3,0.983483,0.39034,2.6677,0.5973
350.5,101325.0,0.3147,16,10,2.215,40.1,0.524859,0.999228,6.2858,6.6433
364.5,101325.0,0.3149,16,9,3.243,54.2,0.685882,0.998585,6.2215,6.3725
359.4,101325.0,0.2515,13,8,2.894,50.1,0.499294,0.995304,6.3586,6.614
382.9,101325.0,0.2566,10,5,2.087,62.3,0.509132,0.896217,3.8047,0.4304
377.3,101325.0,0.4082,14,8,3.194,62.6,0.90942,0.891257,4.8426,1.5527
362.8,101325.0,0.6752,14,8,1.931,58.3,0.990473,0.550303,3.7122,2.1845
367.8,101325.0,0.2628,20,10,3.146,63.2,0.713263,0.999491,4.8659,4.9959
357.0,101325.0,0.6179,16,5,1.851,65.0,0.990655,0.582813,3.0306,3.1204
383.5,101325.0,0.3405,10,6,2.848,31.8,0.486989,0.973669,8.5981,5.2086
364.5,101325.0,0.3006,14,7,1.928,39.8,0.49728,0.99689,5.7693,5.9094
370.0,101325.0,0.6518,20,7,2.231,66.2,0.980391,0.51597,3.324,0.0864
349.9,101325.0,0.6644,10,5,3.065,61.5,0.996624,0.543577,4.747,4.9207
350.3,101325.0,0.4692,16,7,2.998,33.2,0.702095,0.999395,8.531,8.8134
358.9,101325.0,0.7113,16,8,2.142,43.5,0.996749,0.659454,5.3845,5.4154
344.8,101325.0,0.3698,13,8,1.971,31.8,0.539921,0.995049,6.6033,7.0124
349.7,101325.0,0.6496,19,9,2.517,37.9,0.997173,0.919911,6.6239,6.8447
361.5,101325.0,0.504,12,5,3.98,36.2,0.784663,0.990647,10.0244,10.1245
362.2,101325.0,0.2745,11,6,2.382,39.2,0.442769,0.986489,6.7637,6.9519
350.6,101325.0,0.4788,17,6,2.726,48.0,0.919161,0.99823,5.9705,6.2714
359.2,101325.0,0.4443,17,8,1.545,52.8,0.916702,0.978026,3.7034,3.8866
366.5,101325.0,0.6013,15,5,3.141,50.5,0.995572,0.785167,6.2189,4.0621
354.6,101325.0,0.4782,15,7,3.096,50.3,0.955472,0.99332,6.2282,6.4717
380.1,101325.0,0.4414,14,7,2.846,36.9,0.696596,0.99499,7.7581,4.4251
380.2,101325.0,0.6314,13,4,2.285,56.2,0.979659,0.640018,4.3801,1.0328
359.6,101325.0,0.7462,11,5,3.807,32.6,0.99754,0.773476,9.8254,8.9585
361.0,101325.0,0.4918,20,13,3.996,50.0,0.98341,0.999699,7.5984,7.7402
361.1,101325.0,0.6007,18,8,3.568,56.7,0.997935,0.702659,5.9978,6.045
373.6,101325.0,0.6206,13,8,3.104,64.6,0.991618,0.582712,4.4114,1.1359
362.4,101325.0,0.3995,17,5,3.387,49.8,0.795081,0.999254,6.9367,7.0842
370.6,101325.0,0.2472,19,11,3.07,55.7,0.557717,0.999763,5.8645,5.9445
362.9,101325.0,0.3277,20,7,2.92,66.2,0.958476,0.994398,4.0512,4.2442
364.9,101325.0,0.4354,15,6,3.811,57.1,0.990021,0.981366,6.2692,6.3753
360.3,101325.0,0.3104,19,5,3.901,55.6,0.698876,0.999819,6.9541,7.1771
383.9,101325.0,0.3489,18,10,1.619,64.9,0.62784,0.801959,2.9655,0.4338
384.2,101325.0,0.2553,14,9,2.381,53.4,0.518158,0.974085,5.1462,1.7646
364.7,101325.0,0.4821,18,5,3.768,52.8,0.996716,0.977982,6.8261,6.9122
355.8,101325.0,0.6568,15,5,2.637,63.6,0.996761,0.537768,4.0154,4.1045
351.9,101325.0,0.7765,15,7,2.282,36.5,0.998188,0.609175,6.3193,6.4228
380.4,101325.0,0.4815,15,8,3.899,53.1,0.9854,0.963619,6.986,3.6764
364.0,101325.0,0.7808,16,7,1.911,32.8,0.993918,0.65583,5.937,2.784
379.1,101325.0,0.5257,13,4,1.505,49.6,0.810446,0.763639,3.9667,0.6293
380.9,101325.0,0.416,20,6,2.65,42.0,0.716836,0.999437,6.7482,3.4114
379.4,101325.0,0.5467,17,8,2.474,37.2,0.868692,0.996868,6.7863,3.4765
367.3,101325.0,0.5933,11,5,1.882,63.0,0.962955,0.623798,3.2575,0.826
365.8,101325.0,0.5108,20,10,3.045,40.4,0.856979,0.999894,7.5147,7.0772
357.7,101325.0,0.5624,11,6,2.311,66.6,0.990827,0.652456,3.3585,3.4674
378.6,101325.0,0.7359,15,6,3.3,43.0,0.997965,0.611488,7.4322,4.1107
355.9,101325.0,0.2311,18,6,2.379,56.5,0.530379,0.999317,4.795,5.1238
348.1,101325.0,0.2049,15,8,3.62,36.6,0.322986,0.999654,9.7172,10.1719
365.2,101325.0,0.3388,18,11,2.519,63.6,0.916043,0.991596,3.9496,4.0955
381.9,101325.0,0.7067,19,11,1.695,33.3,0.97694,0.834591,5.4753,2.1292
384.3,101325.0,0.3832,18,11,3.031,41.7,0.656839,0.999368,7.5532,4.1702
378.0,101325.0,0.3965,20,10,3.146,46.7,0.743431,0.999457,7.0166,3.7211
366.4,101325.0,0.7846,17,7,3.397,53.0,0.998417,0.405011,6.266,3.0745
368.8,101325.0,0.2159,14,8,3.242,38.9,0.352739,0.999031,8.583,8.6953
341.4,101325.0,0.2254,19,9,2.818,60.5,0.570015,0.999595,4.8986,5.4642
355.3,101325.0,0.2183,17,6,1.556,32.7,0.324259,0.999773,5.7063,6.0357
348.4,101325.0,0.5113,12,5,3.585,48.7,0.966957,0.968626,7.1793,7.4959
381.9,101325.0,0.6532,18,7,2.986,34.0,0.988321,0.997196,7.9939,4.6671
353.0,101325.0,0.4189,19,9,2.165,32.8,0.623314,0.999899,6.8651,7.1269
362.3,101325.0,0.3793,17,7,3.493,62.1,0.984299,0.989995,5.1787,5.3559
368.2,101325.0,0.5697,16,8,3.521,42.4,0.984589,0.993814,7.9191,5.4633
355.6,101325.0,0.2524,15,5,1.801,60.1,0.618274,0.9905,3.6096,3.9352
343.1,101325.0,0.6284,10,3,3.207,63.7,0.996188,0.581187,4.6326,4.9236
345.9,101325.0,0.4804,16,7,2.858,57.0,0.993824,0.906894,5.0349,5.3976
382.6,101325.0,0.6538,17,8,3.844,64.5,0.996308,0.534711,5.2163,1.8345
353.1,101325.0,0.289,15,9,2.06,48.6,0.559643,0.997234,5.1148,5.4521
346.0,101325.0,0.7313,11,4,2.145,38.9,0.995049,0.682977,5.8306,6.0429
382.2,101325.0,0.4031,18,5,2.445,52.0,0.796513,0.960052,5.2073,1.8588
383.2,101325.0,0.5738,17,10,3.646,58.4,0.993843,0.725407,5.8659,2.4887
355.4,101325.0,0.6389,13,5,2.231,68.7,0.994516,0.52312,3.0689,3.1695
380.4,101325.0,0.5198,15,9,2.777,33.8,0.783574,0.99682,7.8902,4.558
362.3,101325.0,0.5402,18,8,3.282,41.4,0.921565,0.999581,7.7288,7.8171
379.9,101325.0,0.7809,13,7,2.695,45.7,0.997259,0.476174,6.0849,2.7453
354.4,101325.0,0.7053,19,7,2.011,53.2,0.995873,0.550316,4.2749,4.3668
363.6,101325.0,0.7874,17,6,2.016,52.8,0.993795,0.397104,4.3206,1.1595
381.6,101325.0,0.2136,15,8,3.03,61.6,0.516262,0.975072,5.0556,1.7144
368.4,101325.0,0.4337,14,8,3.112,54.5,0.935778,0.985429,5.7468,5.2334
381.0,101325.0,0.2097,20,12,1.874,55.7,0.405874,0.946324,4.2004,0.8572
372.2,101325.0,0.4107,12,7,3.7,68.5,0.979553,0.850898,4.5071,2.4676
352.1,101325.0,0.217,11,5,3.265,42.0,0.368255,0.991875,8.1833,8.5686
366.3,101325.0,0.3762,11,4,3.717,45.9,0.680332,0.982263,8.1762,8.2592
376.8,101325.0,0.7302,17,6,2.113,37.5,0.992415,0.706823,5.9068,2.6118
347.5,101325.0,0.4433,15,9,3.284,42.8,0.773655,0.9982,7.7448,8.0953
351.7,101325.0,0.6879,12,6,2.804,42.4,0.997218,0.732314,6.6452,6.7985
368.0,101325.0,0.7477,14,5,2.887,65.8,0.995988,0.381349,4.0328,0.8187
343.0,101325.0,0.4303,12,7,1.723,68.6,0.947535,0.80645,2.6201,3.0316
372.7,101325.0,0.4935,20,11,2.318,35.1,0.760204,0.999634,6.8201,3.5801
371.3,101325.0,0.4763,12,6,3.245,55.6,0.96702,0.915597,5.7528,3.1571
374.2,101325.0,0.5092,12,7,3.622,31.8,0.74186,0.989772,10.0113,6.7478
366.9,101325.0,0.6882,14,6,3.312,65.0,0.995832,0.477447,4.5785,1.3767
345.7,101325.0,0.2906,15,7,1.706,39.5,0.479194,0.998258,5.3676,5.8117
375.0,101325.0,0.2461,14,5,3.693,70.0,0.782768,0.983897,4.4433,3.7572
346.3,101325.0,0.4641,12,6,2.57,34.6,0.703163,0.987768,7.4569,7.8021
365.5,101325.0,0.2084,17,6,2.797,63.5,0.567866,0.998221,4.5028,4.6922
345.9,101325.0,0.3555,20,10,1.58,39.7,0.589462,0.999861,5.0421,5.4508
379.6,101325.0,0.2109,16,7,1.974,32.5,0.312054,0.999189,6.6638,3.3351
362.8,101325.0,0.6745,10,3,3.625,64.1,0.997191,0.506227,5.0356,3.5165
357.4,101325.0,0.5459,13,5,2.663,55.0,0.99369,0.820475,5.003,5.1452
362.4,101325.0,0.3092,17,4,2.407,65.6,0.873815,0.986883,3.6423,3.8447
380.4,101325.0,0.316,11,6,2.138,69.3,0.640797,0.827886,3.1027,0.247
370.4,101325.0,0.428,19,12,1.872,57.4,0.896474,0.919683,3.7864,2.3967
357.3,101325.0,0.695,13,8,1.566,62.0,0.991219,0.486553,2.9611,3.0094
360.5,101325.0,0.2729,13,7,2.92,30.0,0.388997,0.997993,9.0643,9.2763
378.5,101325.0,0.2036,15,5,3.087,31.3,0.296175,0.999591,9.3282,7.0328
341.0,101325.0,0.7735,15,4,3.766,52.1,0.999247,0.434049,6.9206,7.1713
370.9,101325.0,0.4982,13,4,1.648,50.6,0.841605,0.837062,4.0884,1.3387
357.7,101325.0,0.3735,16,10,3.45,30.9,0.540386,0.999699,10.0205,10.2271
347.4,101325.0,0.6934,15,7,3.53,38.2,0.998829,0.800733,8.4875,8.7074
345.7,101325.0,0.2123,10,5,3.628,35.0,0.320252,0.988182,9.9812,10.4673
373.5,101325.0,0.6507,17,7,3.664,65.5,0.995756,0.531047,4.8816,1.6054
351.5,101325.0,0.2089,15,8,2.262,43.1,0.366413,0.999047,6.1409,6.5422
374.0,101325.0,0.2828,14,7,3.074,69.3,0.843135,0.96543,3.908,3.0871
356.2,101325.0,0.2665,18,8,2.104,37.2,0.424278,0.999856,6.4218,6.7115
353.2,101325.0,0.6168,18,7,1.823,66.3,0.990308,0.573052,2.8896,3.0359
345.1,101325.0,0.5998,13,4,2.612,52.8,0.995655,0.754069,5.1723,5.465
381.5,101325.0,0.233,16,7,1.755,57.6,0.433144,0.914329,3.8454,0.4903
375.1,101325.0,0.7152,16,9,2.098,35.5,0.991303,0.786447,6.0679,2.798
355.2,101325.0,0.743,14,5,2.074,46.7,0.996997,0.546894,4.9693,5.0346
359.1,101325.0,0.6398,11,3,1.949,30.4,0.894253,0.942758,6.3548,6.4288
346.8,101325.0,0.2413,14,6,3.321,44.9,0.436766,0.99857,7.8354,8.2937
352.2,101325.0,0.7511,17,6,3.825,41.1,0.999259,0.604534,8.6152,8.7247
374.8,101325.0,0.5696,14,9,2.422,39.0,0.918854,0.976654,6.4328,3.1807
354.9,101325.0,0.4984,14,4,2.9,40.1,0.82896,0.995374,7.3171,7.5291
369.7,101325.0,0.467,12,7,2.992,50.7,0.908807,0.962595,6.0767,4.4368
343.0,101325.0,0.3175,16,10,3.737,68.2,0.972026,0.987734,4.593,5.1042
342.4,101325.0,0.773,13,5,3.55,66.0,0.999001,0.343424,4.69,4.917
363.7,101325.0,0.5319,13,8,1.663,50.3,0.963644,0.894709,4.0425,4.1023
381.7,101325.0,0.7102,15,8,3.661,43.2,0.99816,0.668414,8.0276,4.6724
376.7,101325.0,0.3506,18,8,2.956,54.4,0.756248,0.989426,5.7168,2.4421
350.5,101325.0,0.4275,15,5,1.546,52.4,0.87162,0.975925,3.7677,4.0897
362.5,101325.0,0.7803,16,6,1.923,49.7,0.992741,0.434705,4.4634,1.3291
356.9,101325.0,0.3413,14,6,3.883,68.1,0.983831,0.959717,4.7377,5.0131
379.2,101325.0,0.2954,13,5,2.874,35.8,0.457838,0.995899,8.1702,4.8419
355.3,101325.0,0.3919,14,5,1.843,39.9,0.648608,0.994768,5.4975,5.7434
363.8,101325.0,0.4968,11,6,3.234,60.2,0.990198,0.829418,5.1184,5.185
369.3,101325.0,0.7489,16,8,3.186,62.6,0.997095,0.399383,4.7482,1.5207
373.8,101325.0,0.7043,17,9,3.68,69.8,0.996656,0.422192,4.287,1.005
340.5,101325.0,0.6856,16,5,3.479,31.0,0.992213,0.996703,9.3831,9.726
351.6,101325.0,0.3376,17,5,3.573,57.5,0.792927,0.998942,6.1238,6.4773
378.4,101325.0,0.5668,19,9,3.596,47.1,0.995189,0.914329,7.3769,4.0827
360.9,101325.0,0.7215,16,5,3.67,42.9,0.998849,0.647651,8.0844,6.8283
372.1,101325.0,0.4382,12,7,2.608,64.0,0.927062,0.836786,3.9964,1.5594
379.2,101325.0,0.3982,14,6,1.752,41.6,0.65807,0.966617,5.1646,1.8399
382.4,101325.0,0.6859,15,9,1.97,59.4,0.978343,0.513985,3.6718,0.2937
370.6,101325.0,0.2493,14,6,2.727,61.8,0.639358,0.991802,4.5862,4.6703
343.6,101325.0,0.2942,14,7,2.343,34.2,0.446253,0.998347,7.2334,7.7037
370.9,101325.0,0.3795,19,10,3.032,55.1,0.844024,0.999022,5.6558,4.7886
375.5,101325.0,0.6524,18,11,2.676,60.1,0.990404,0.571998,4.4548,1.1588
349.0,101325.0,0.6494,17,5,2.674,39.0,0.997462,0.895019,6.7966,7.0248
376.5,101325.0,0.3671,13,5,1.926,31.6,0.532567,0.991062,6.5274,3.2278
373.2,101325.0,0.6213,13,5,3.561,38.7,0.988887,0.960858,8.4946,5.2661
383.3,101325.0,0.2866,15,7,2.832,36.1,0.447793,0.998724,8.0509,4.6712
371.0,101325.0,0.4346,13,3,3.204,52.1,0.885498,0.979937,6.2448,4.4647
362.9,101325.0,0.6682,14,6,3.063,66.6,0.996622,0.496503,4.1162,2.6474
383.2,101325.0,0.4939,18,11,2.56,39.9,0.820491,0.998029,6.7111,3.3523
359.0,101325.0,0.3122,13,8,3.064,58.0,0.728157,0.989008,5.432,5.6755
368.5,101325.0,0.4387,18,9,2.925,59.1,0.989102,0.942207,4.8772,4.2384
348.4,101325.0,0.3711,14,4,1.99,55.9,0.818255,0.981659,4.1375,4.52
381.0,101325.0,0.7814,19,8,1.862,38.9,0.992303,0.549863,5.309,1.9603
342.8,101325.0,0.2501,15,5,3.714,41.3,0.425686,0.999461,9.1149,9.6282
367.1,101325.0,0.6831,13,6,1.774,46.5,0.974292,0.651926,4.523,1.3304
354.6,101325.0,0.7823,11,6,2.808,67.0,0.998434,0.324154,3.8102,3.8587
381.2,101325.0,0.7587,18,12,2.771,35.6,0.997492,0.673271,7.3648,4.0193
370.7,101325.0,0.373,10,4,3.864,46.1,0.664585,0.96792,8.4176,7.7234
378.4,101325.0,0.7272,18,6,3.277,62.2,0.996778,0.436627,4.9036,1.5726
356.2,101325.0,0.7459,14,4,3.231,68.2,0.998552,0.371905,4.0793,4.1192
347.1,101325.0,0.446,12,6,3.846,37.1,0.704343,0.991997,9.7337,10.0788
383.6,101325.0,0.2868,16,6,3.108,34.3,0.436281,0.999523,8.8826,5.4978
351.2,101325.0,0.2857,17,10,3.042,50.6,0.577832,0.999503,6.4801,6.8517
374.5,101325.0,0.3542,11,6,1.541,53.7,0.642851,0.894674,3.7881,1.3566
340.3,101325.0,0.5995,13,5,2.338,66.2,0.994326,0.602087,3.4239,3.7701
357.8,101325.0,0.2452,19,10,3.356,65.9,0.717421,0.999148,4.7345,5.0384
374.9,101325.0,0.5314,17,5,3.08,50.7,0.986115,0.910755,6.1149,2.8613
354.3,101325.0,0.5068,15,8,3.489,62.3,0.996402,0.789476,5.1335,5.3368
358.2,101325.0,0.3314,12,4,3.007,57.3,0.749672,0.980294,5.4276,5.6731
376.5,101325.0,0.4665,18,11,3.093,58.5,0.961134,0.884406,5.1908,1.9125
382.8,101325.0,0.3146,11,5,2.627,45.9,0.557307,0.971466,6.3826,3.0134
362.7,101325.0,0.2201,13,4,2.024,41.0,0.3705,0.996329,5.9013,6.113
375.9,101325.0,0.4887,13,8,1.966,35.4,0.74413,0.97742,6.0832,2.8006
351.5,101325.0,0.2429,19,11,3.225,52.6,0.512309,0.999875,6.5451,6.9349
365.3,101325.0,0.3607,11,5,3.005,57.1,0.790939,0.962542,5.4154,5.5313
383.8,101325.0,0.7821,15,8,3.389,39.2,0.998656,0.553782,8.0906,4.7105
372.0,101325.0,0.6103,15,5,2.265,63.1,0.972483,0.6015,3.6731,0.4164
362.2,101325.0,0.4028,16,9,3.313,48.1,0.77497,0.998768,7.0733,7.2197
345.0,101325.0,0.4839,18,12,3.29,63.2,0.995687,0.814083,4.7895,5.1482
358.6,101325.0,0.7138,10,4,2.899,33.4,0.986473,0.82987,7.8936,7.9409
372.5,101325.0,0.2364,14,4,2.566,54.4,0.513478,0.995856,5.3138,5.3644
356.4,101325.0,0.5594,19,11,3.52,67.1,0.997057,0.655188,4.5102,4.6406
357.0,101325.0,0.6893,18,9,3.276,38.0,0.998676,0.81547,8.0378,8.1201
359.4,101325.0,0.7451,10,6,2.095,65.8,0.995551,0.385073,3.2114,2.4917
352.9,101325.0,0.331,15,7,3.956,41.2,0.562411,0.999266,9.4737,9.7867
